CTN,CT,Long name,URL,Population,Square miles,people per square mile,,B25003_Total:,B25003_Owner occupied,B25003_Renter occupied,B25002_Total:,B25002_Occupied,B25002_Vacant,B01001_Total:,B01001_Male:,B01001_Male_Under 5 years,B01001_Male_5 to 9 years,B01001_Male_10 to 14 years,B01001_Male_15 to 17 years,B01001_Male_18 and 19 years,B01001_Male_20 years,B01001_Male_21 years,B01001_Male_22 to 24 years,B01001_Male_25 to 29 years,B01001_Male_30 to 34 years,B01001_Male_35 to 39 years,B01001_Male_40 to 44 years,B01001_Male_45 to 49 years,B01001_Male_50 to 54 years,B01001_Male_55 to 59 years,B01001_Male_60 and 61 years,B01001_Male_62 to 64 years,B01001_Male_65 and 66 years,B01001_Male_67 to 69 years,B01001_Male_70 to 74 years,B01001_Male_75 to 79 years,B01001_Male_80 to 84 years,B01001_Male_85 years and over,B01001_Female:,B01001_Female_Under 5 years,B01001_Female_5 to 9 years,B01001_Female_10 to 14 years,B01001_Female_15 to 17 years,B01001_Female_18 and 19 years,B01001_Female_20 years,B01001_Female_21 years,B01001_Female_22 to 24 years,B01001_Female_25 to 29 years,B01001_Female_30 to 34 years,B01001_Female_35 to 39 years,B01001_Female_40 to 44 years,B01001_Female_45 to 49 years,B01001_Female_50 to 54 years,B01001_Female_55 to 59 years,B01001_Female_60 and 61 years,B01001_Female_62 to 64 years,B01001_Female_65 and 66 years,B01001_Female_67 to 69 years,B01001_Female_70 to 74 years,B01001_Female_75 to 79 years,B01001_Female_80 to 84 years,B01001_Female_85 years and over,B19001_Total:,"B19001_Less than $10,000","B19001_$10,000 to $14,999","B19001_$15,000 to $19,999","B19001_$20,000 to $24,999","B19001_$25,000 to $29,999","B19001_$30,000 to $34,999","B19001_$35,000 to $39,999","B19001_$40,000 to $44,999","B19001_$45,000 to $49,999","B19001_$50,000 to $59,999","B19001_$60,000 to $74,999","B19001_$75,000 to $99,999","B19001_$100,000 to $124,999","B19001_$125,000 to $149,999","B19001_$150,000 to $199,999","B19001_$200,000 or more",B17001_Total:,B17001_Income in the past 12 months below poverty level:,B17001_Income in the past 12 months below poverty level_Male:,B17001_Income in the past 12 months below poverty level_Male_Under 5 years,B17001_Income in the past 12 months below poverty level_Male_5 years,B17001_Income in the past 12 months below poverty level_Male_6 to 11 years,B17001_Income in the past 12 months below poverty level_Male_12 to 14 years,B17001_Income in the past 12 months below poverty level_Male_15 years,B17001_Income in the past 12 months below poverty level_Male_16 and 17 years,B17001_Income in the past 12 months below poverty level_Male_18 to 24 years,B17001_Income in the past 12 months below poverty level_Male_25 to 34 years,B17001_Income in the past 12 months below poverty level_Male_35 to 44 years,B17001_Income in the past 12 months below poverty level_Male_45 to 54 years,B17001_Income in the past 12 months below poverty level_Male_55 to 64 years,B17001_Income in the past 12 months below poverty level_Male_65 to 74 years,B17001_Income in the past 12 months below poverty level_Male_75 years and over,B17001_Income in the past 12 months below poverty level_Female:,B17001_Income in the past 12 months below poverty level_Female_Under 5 years,B17001_Income in the past 12 months below poverty level_Female_5 years,B17001_Income in the past 12 months below poverty level_Female_6 to 11 years,B17001_Income in the past 12 months below poverty level_Female_12 to 14 years,B17001_Income in the past 12 months below poverty level_Female_15 years,B17001_Income in the past 12 months below poverty level_Female_16 and 17 years,B17001_Income in the past 12 months below poverty level_Female_18 to 24 years,B17001_Income in the past 12 months below poverty level_Female_25 to 34 years,B17001_Income in the past 12 months below poverty level_Female_35 to 44 years,B17001_Income in the past 12 months below poverty level_Female_45 to 54 years,B17001_Income in the past 12 months below poverty level_Female_55 to 64 years,B17001_Income in the past 12 months below poverty level_Female_65 to 74 years,B17001_Income in the past 12 months below poverty level_Female_75 years and over,B17001_Income in the past 12 months at or above poverty level:,B17001_Income in the past 12 months at or above poverty level_Male:,B17001_Income in the past 12 months at or above poverty level_Male_Under 5 years,B17001_Income in the past 12 months at or above poverty level_Male_5 years,B17001_Income in the past 12 months at or above poverty level_Male_6 to 11 years,B17001_Income in the past 12 months at or above poverty level_Male_12 to 14 years,B17001_Income in the past 12 months at or above poverty level_Male_15 years,B17001_Income in the past 12 months at or above poverty level_Male_16 and 17 years,B17001_Income in the past 12 months at or above poverty level_Male_18 to 24 years,B17001_Income in the past 12 months at or above poverty level_Male_25 to 34 years,B17001_Income in the past 12 months at or above poverty level_Male_35 to 44 years,B17001_Income in the past 12 months at or above poverty level_Male_45 to 54 years,B17001_Income in the past 12 months at or above poverty level_Male_55 to 64 years,B17001_Income in the past 12 months at or above poverty level_Male_65 to 74 years,B17001_Income in the past 12 months at or above poverty level_Male_75 years and over,B17001_Income in the past 12 months at or above poverty level_Female:,B17001_Income in the past 12 months at or above poverty level_Female_Under 5 years,B17001_Income in the past 12 months at or above poverty level_Female_5 years,B17001_Income in the past 12 months at or above poverty level_Female_6 to 11 years,B17001_Income in the past 12 months at or above poverty level_Female_12 to 14 years,B17001_Income in the past 12 months at or above poverty level_Female_15 years,B17001_Income in the past 12 months at or above poverty level_Female_16 and 17 years,B17001_Income in the past 12 months at or above poverty level_Female_18 to 24 years,B17001_Income in the past 12 months at or above poverty level_Female_25 to 34 years,B17001_Income in the past 12 months at or above poverty level_Female_35 to 44 years,B17001_Income in the past 12 months at or above poverty level_Female_45 to 54 years,B17001_Income in the past 12 months at or above poverty level_Female_55 to 64 years,B17001_Income in the past 12 months at or above poverty level_Female_65 to 74 years,B17001_Income in the past 12 months at or above poverty level_Female_75 years and over,B25026_Total population in occupied housing units:,B25026_Owner occupied:,B25026_Owner occupied_Moved in 2015 or later,B25026_Owner occupied_Moved in 2010 to 2014,B25026_Owner occupied_Moved in 2000 to 2009,B25026_Owner occupied_Moved in 1990 to 1999,B25026_Owner occupied_Moved in 1980 to 1989,B25026_Owner occupied_Moved in 1979 or earlier,B25026_Renter occupied:,B25026_Renter occupiedMoved in 2015 or later,B25026_Renter occupiedMoved in 2010 to 2014,B25026_Renter occupiedMoved in 2000 to 2009,B25026_Renter occupiedMoved in 1990 to 1999,B25026_Renter occupiedMoved in 1980 to 1989,B25026_Renter occupiedMoved in 1979 or earlier,B25075_Total:,"B25075_Less than $10,000","B25075_$10,000 to $14,999","B25075_$15,000 to $19,999","B25075_$20,000 to $24,999","B25075_$25,000 to $29,999","B25075_$30,000 to $34,999","B25075_$35,000 to $39,999","B25075_$40,000 to $49,999","B25075_$50,000 to $59,999","B25075_$60,000 to $69,999","B25075_$70,000 to $79,999","B25075_$80,000 to $89,999","B25075_$90,000 to $99,999","B25075_$100,000 to $124,999","B25075_$125,000 to $149,999","B25075_$150,000 to $174,999","B25075_$175,000 to $199,999","B25075_$200,000 to $249,999","B25075_$250,000 to $299,999","B25075_$300,000 to $399,999","B25075_$400,000 to $499,999","B25075_$500,000 to $749,999","B25075_$750,000 to $999,999","B25075_$1,000,000 to $1,499,999","B25075_$1,500,000 to $1,999,999","B25075_$2,000,000 or more",B07003_Total:,B07003_Total_Male,B07003_Total_Female,B07003_Same house 1 year ago:,B07003_Same house 1 year ago_Male,B07003_Same house 1 year ago_Female,B07003_Moved within same county:,B07003_Moved within same county_Male,B07003_Moved within same county_Female,B07003_Moved from different county within same state:,B07003_Moved from different county within same state_Male,B07003_Moved from different county within same state_Female,B07003_Moved from different state:,B07003_Moved from different state_Male,B07003_Moved from different state_Female,B07003_Moved from abroad:,B07003_Moved from abroad_Male,B07003_Moved from abroad_Female,B15002_Total:,B15002_Male:,B15002_Male_No schooling completed,B15002_Male_Nursery to 4th grade,B15002_Male_5th and 6th grade,B15002_Male_7th and 8th grade,B15002_Male_9th grade,B15002_Male_10th grade,B15002_Male_11th grade,"B15002_Male_12th grade, no diploma",B15002_Male_High school graduate (includes equivalency),"B15002_Male_Some college, less than 1 year","B15002_Male_Some college, 1 or more years, no degree",B15002_Male_Associate_s degree,B15002_Male_Bachelor_s degree,B15002_Male_Master_s degree,B15002_Male_Professional school degree,B15002_Male_Doctorate degree,B15002_Female:,B15002_Female_No schooling completed,B15002_Female_Nursery to 4th grade,B15002_Female_5th and 6th grade,B15002_Female_7th and 8th grade,B15002_Female_9th grade,B15002_Female_10th grade,B15002_Female_11th grade,"B15002_Female_12th grade, no diploma",B15002_Female_High school graduate (includes equivalency),"B15002_Female_Some college, less than 1 year","B15002_Female_Some college, 1 or more years, no degree",B15002_Female_Associate_s degree,B15002_Female_Bachelor_s degree,B15002_Female_Master_s degree,B15002_Female_Professional school degree,B15002_Female_Doctorate degree
100,Census Tract 1,"Census Tract 1,Onondaga, NY",https://censusreporter.org/profiles/14000US36067000100-census-tract-100-onondaga-ny/,674,1.9,363.5,0.875536481,466,58,408,521,466,55,674,404,16,12,22,0,0,6,0,6,115,52,0,32,14,5,25,6,3,0,18,31,3,1,37,270,8,0,0,5,0,0,0,41,32,29,14,20,18,18,29,4,6,1,16,8,9,7,5,466,66,40,27,21,15,28,17,8,21,39,28,55,18,35,18,30,674,110,56,0,0,0,0,0,0,0,30,0,14,9,3,0,54,0,0,0,0,0,0,20,6,0,9,4,10,5,564,348,16,0,34,0,0,0,12,137,32,5,25,46,41,216,8,0,0,0,0,5,21,55,34,27,35,15,16,674,92,0,2,63,0,0,27,582,124,355,72,31,0,0,58,0,0,0,9,0,0,4,5,0,5,1,0,0,0,0,0,0,0,6,6,16,6,0,0,0,0,670,404,266,527,309,218,97,77,20,35,15,20,11,3,8,0,0,0,558,342,14,13,5,0,0,0,24,4,25,9,24,0,96,60,68,0,216,4,0,0,0,0,1,15,7,26,4,25,24,28,20,57,5
200,Census Tract 2,"Census Tract 2,Onondaga, NY",https://censusreporter.org/profiles/14000US36067000200-census-tract-200-onondaga-ny/,2929,0.4,6926,,1275,448,827,1623,1275,348,2929,1448,114,128,149,90,57,24,0,66,124,88,129,40,29,38,60,54,113,22,21,56,26,20,0,1481,85,138,30,71,15,0,8,90,129,111,76,47,58,112,136,74,50,41,52,32,20,62,44,1275,79,189,107,92,59,46,139,54,34,100,102,100,62,17,86,9,2908,1082,456,104,9,106,46,0,22,44,76,0,6,10,33,0,626,85,32,49,0,29,11,92,138,51,27,66,9,37,1826,992,10,9,51,56,50,18,103,136,169,61,217,66,46,834,0,18,48,0,14,17,21,102,72,143,194,116,89,2918,1097,0,404,145,161,183,204,1821,89,1200,368,146,0,18,448,7,0,0,8,0,0,0,17,14,12,98,75,83,57,32,0,11,0,14,11,0,9,0,0,0,0,2892,1448,1444,2467,1260,1207,293,154,139,26,0,26,106,34,72,0,0,0,1864,820,8,0,0,5,41,27,63,34,260,63,61,91,136,8,0,23,1044,29,7,17,0,15,30,33,8,362,78,128,162,88,54,12,21
300,Census Tract 3,"Census Tract 3,Onondaga, NY",https://censusreporter.org/profiles/14000US36067000300-census-tract-300-onondaga-ny/,1642,0.2,7397.2,,648,470,178,726,648,78,1642,763,76,39,53,13,12,9,23,30,81,72,43,33,48,33,35,20,34,28,12,19,20,20,10,879,75,55,14,48,7,15,4,46,96,77,74,22,51,60,63,21,35,0,19,15,22,25,35,648,50,11,9,58,26,21,54,59,15,43,99,57,103,18,11,14,1630,169,88,0,0,9,18,5,0,19,17,0,12,3,0,5,81,0,0,0,0,12,0,0,18,15,33,3,0,0,1461,663,76,0,46,7,0,8,55,136,76,69,86,59,45,798,75,21,44,4,11,25,72,155,81,78,116,34,82,1622,1165,18,368,432,120,96,131,457,12,324,117,0,4,0,470,0,0,0,0,0,0,1,19,10,66,50,67,120,80,25,0,14,7,0,11,0,0,0,0,0,0,1607,733,874,1454,659,795,145,74,71,0,0,0,8,0,8,0,0,0,1123,508,11,5,0,17,12,24,26,5,173,16,77,23,76,43,0,0,615,38,0,0,0,6,6,0,4,198,53,99,56,66,78,11,0
400,Census Tract 4,"Census Tract 4,Onondaga, NY",https://censusreporter.org/profiles/14000US36067000400-census-tract-400-onondaga-ny/,3772,0.6,6407.5,,1559,1119,440,1696,1559,137,3772,1720,92,117,44,91,12,77,0,56,120,155,181,58,170,105,200,33,15,26,26,85,10,14,33,2052,115,71,84,72,19,22,0,52,174,97,140,118,96,233,124,67,106,17,38,109,50,112,136,1559,170,48,56,139,81,116,155,91,100,83,198,147,96,51,28,0,3734,790,373,19,0,53,10,63,0,32,60,58,37,20,21,0,417,42,0,29,51,6,14,9,59,49,55,43,28,32,2944,1330,73,26,49,23,0,28,113,214,178,238,223,111,54,1614,70,9,38,16,0,52,84,212,204,274,253,136,266,3579,2681,276,704,669,428,208,396,898,243,393,234,14,0,14,1119,15,0,0,0,11,7,7,25,62,43,228,237,245,147,10,14,0,7,5,0,11,45,0,0,0,0,3720,1709,2011,3188,1413,1775,188,104,84,46,0,46,28,19,9,270,173,97,2848,1231,7,0,34,26,4,46,40,71,323,48,209,98,221,66,0,38,1617,27,9,22,19,17,21,0,102,395,94,283,63,194,243,37,91
501,Census Tract 5.01,"Census Tract 5.01,Onondaga, NY",https://censusreporter.org/profiles/14000US36067000501-census-tract-501-onondaga-ny/,2205,0.3,7996.4,,914,94,820,1223,914,309,2205,994,107,98,56,61,4,21,6,74,84,79,40,53,63,84,57,0,45,0,27,8,19,4,4,1211,155,85,121,14,3,10,51,41,100,48,61,61,81,79,116,18,45,61,13,21,6,5,16,914,268,80,91,114,83,97,27,5,37,56,27,3,11,15,0,0,2185,973,375,59,0,58,5,14,0,42,83,35,34,27,18,0,598,74,0,73,13,0,14,49,64,46,102,80,77,6,1212,607,41,16,43,27,19,28,63,80,58,113,75,17,27,605,73,29,68,23,0,0,56,84,76,58,99,18,21,2190,201,0,0,24,31,112,34,1989,269,1175,358,124,58,5,94,12,0,3,0,0,0,0,20,0,12,5,31,0,0,0,0,0,0,0,0,0,11,0,0,0,0,2178,982,1196,1706,775,931,324,144,180,22,3,19,0,0,0,126,60,66,1298,567,41,4,20,15,13,37,21,7,181,29,128,29,24,13,5,0,731,98,58,44,31,47,17,49,13,175,2,83,51,54,9,0,0
600,Census Tract 6,"Census Tract 6,Onondaga, NY",https://censusreporter.org/profiles/14000US36067000600-census-tract-600-onondaga-ny/,3735,0.2,15677.8,,1339,247,1092,1611,1339,272,3735,1907,117,296,140,75,18,56,42,93,47,108,63,107,95,279,144,8,20,31,17,79,40,8,24,1828,95,16,148,77,40,10,28,216,170,157,104,46,163,142,124,55,76,34,35,46,3,33,10,1339,224,151,128,105,207,82,84,83,51,57,48,47,37,26,0,9,3703,1444,725,57,25,143,69,0,25,40,61,58,160,39,43,5,719,59,0,38,10,0,37,204,122,28,115,85,18,3,2259,1174,52,48,151,0,22,28,169,94,112,214,133,84,67,1085,36,0,36,56,6,34,90,205,122,190,170,97,43,3721,889,69,161,385,116,54,104,2832,335,1435,933,86,35,8,247,0,0,6,0,0,8,28,24,37,85,17,13,0,5,0,0,0,0,0,0,0,0,0,0,0,24,3704,1876,1828,2910,1477,1433,630,311,319,55,29,26,35,35,0,74,24,50,2268,1070,109,90,17,42,0,49,131,41,231,60,215,50,35,0,0,0,1198,146,6,31,60,16,71,58,43,222,56,134,139,166,41,9,0
700,Census Tract 7,"Census Tract 7,Onondaga, NY",https://censusreporter.org/profiles/14000US36067000700-census-tract-700-onondaga-ny/,1605,0.1,12837.8,,653,258,395,774,653,121,1605,808,52,65,37,22,33,10,19,29,78,48,101,42,48,53,34,23,10,9,22,24,34,15,0,797,23,68,23,45,50,24,13,50,73,50,26,67,114,14,27,17,31,29,5,6,20,3,19,653,91,36,35,56,40,52,30,16,31,74,37,46,72,13,17,7,1599,372,217,27,0,38,6,0,0,20,0,103,7,5,6,5,155,0,0,49,0,0,7,39,10,20,12,18,0,0,1227,585,19,0,43,15,0,22,71,126,40,94,62,49,44,642,23,6,22,14,0,38,98,113,73,116,57,40,42,1605,756,0,149,335,143,9,120,849,131,481,197,16,0,24,258,5,3,0,0,0,12,0,39,53,34,27,4,59,13,0,0,0,0,0,5,4,0,0,0,0,0,1589,792,797,1366,642,724,82,57,25,62,37,25,11,11,0,68,45,23,1042,541,8,0,13,44,15,6,52,14,201,15,67,33,53,17,3,0,501,38,14,0,36,15,0,6,11,149,10,100,71,24,27,0,0
800,Census Tract 8,"Census Tract 8,Onondaga, NY",https://censusreporter.org/profiles/14000US36067000800-census-tract-800-onondaga-ny/,2551,0.3,9823.8,,958,418,540,1192,958,234,2551,1252,130,74,90,45,28,0,0,55,75,188,87,116,56,48,76,39,46,22,24,22,7,7,17,1299,111,127,47,80,41,0,37,6,71,139,203,18,19,112,86,23,30,31,15,37,0,52,14,958,59,125,89,68,17,60,85,38,43,93,45,92,47,75,15,7,2551,620,292,94,10,47,10,0,0,24,26,39,7,13,22,0,328,26,0,52,0,25,41,50,63,26,0,45,0,0,1931,960,36,14,36,47,29,16,59,237,164,97,148,46,31,971,85,24,77,21,0,14,34,147,195,131,94,83,66,2551,1084,110,69,537,77,78,213,1467,93,675,694,0,0,5,418,8,0,0,0,7,16,20,62,24,49,81,65,14,25,0,11,0,0,14,0,0,15,0,0,0,7,2482,1222,1260,2030,995,1035,311,160,151,20,20,0,69,47,22,52,0,52,1680,830,11,0,0,64,33,7,29,52,245,55,88,143,48,42,0,13,850,35,21,0,10,48,39,8,0,169,8,162,135,132,56,16,11
900,Census Tract 9,"Census Tract 9,Onondaga, NY",https://censusreporter.org/profiles/14000US36067000900-census-tract-900-onondaga-ny/,3015,0.5,6140,,1349,940,409,1586,1349,237,3015,1390,103,91,68,21,54,0,40,58,81,72,117,63,36,93,96,34,126,16,77,54,29,13,48,1625,71,44,55,57,81,0,21,22,173,87,80,147,129,144,145,46,22,34,28,74,53,46,66,1349,65,38,49,48,70,40,59,25,44,129,182,191,78,30,180,121,3007,340,183,11,0,14,0,0,21,16,20,37,56,8,0,0,157,0,0,35,0,0,9,0,54,0,36,16,0,7,2667,1207,92,0,110,35,0,0,136,133,143,73,248,147,90,1460,63,0,33,31,9,39,124,206,227,237,197,136,158,3015,2129,25,210,743,610,211,330,886,73,665,108,40,0,0,940,0,12,0,0,0,0,7,0,0,0,62,83,73,127,101,126,52,84,106,91,16,0,0,0,0,0,2991,1374,1617,2690,1273,1417,198,51,147,17,17,0,86,33,53,0,0,0,2229,955,10,0,0,15,0,46,0,29,228,48,90,47,224,117,74,27,1274,0,0,0,0,0,28,22,47,399,46,97,118,228,186,71,32
1000,Census Tract 10,"Census Tract 10,Onondaga, NY",https://censusreporter.org/profiles/14000US36067001000-census-tract-10-onondaga-ny/,4001,0.5,8293.3,,1933,642,1291,2240,1933,307,4001,1735,205,59,101,8,66,0,36,83,79,236,126,186,59,1,91,130,90,38,16,63,11,39,12,2266,241,187,191,70,54,44,0,42,293,247,160,12,75,73,182,27,18,110,41,11,32,36,120,1933,365,213,103,113,113,198,110,83,113,121,55,177,119,34,16,0,4001,1068,509,92,0,42,2,0,0,0,53,111,1,139,42,27,559,139,24,90,0,0,3,90,137,0,0,29,15,32,2933,1226,113,0,53,63,0,8,185,262,201,59,172,75,35,1707,102,11,127,126,0,67,50,403,172,148,198,147,156,3986,1411,0,129,710,190,140,242,2575,98,1670,499,263,45,0,642,0,0,0,0,0,12,0,0,0,80,171,163,91,80,36,0,0,2,0,7,0,0,0,0,0,0,3839,1720,2119,3251,1466,1785,486,193,293,0,0,0,40,40,0,62,21,41,2614,1177,21,39,0,0,34,60,43,15,366,116,143,180,121,17,21,1,1437,0,0,10,0,0,53,102,22,275,98,197,244,269,140,14,13
1400,Census Tract 14,"Census Tract 14,Onondaga, NY",https://censusreporter.org/profiles/14000US36067001400-census-tract-14-onondaga-ny/,3812,0.2,23751.5,,871,206,665,1175,871,304,3812,1720,359,244,166,27,42,5,13,82,162,79,66,80,67,33,99,0,44,14,18,58,12,10,40,2092,214,192,287,88,51,37,40,98,254,138,86,77,131,83,85,7,47,83,0,27,28,29,10,871,176,76,122,42,106,57,63,25,0,79,73,15,26,0,11,0,3790,2258,979,257,3,240,60,2,15,43,126,92,34,60,18,29,1279,140,8,168,207,0,46,187,199,77,122,18,48,59,1532,719,102,17,61,7,10,0,99,115,54,66,83,72,33,813,74,0,70,26,25,17,39,193,86,92,121,62,8,3812,507,0,66,129,25,211,76,3305,119,2943,216,15,12,0,206,6,0,0,8,0,0,0,60,29,14,32,20,0,0,3,0,14,0,9,0,0,0,11,0,0,0,3625,1575,2050,2698,1143,1555,788,380,408,0,0,0,44,13,31,95,39,56,1867,782,215,6,8,68,38,21,20,35,174,16,76,80,25,0,0,0,1085,214,19,20,22,155,66,69,18,299,61,52,24,58,8,0,0
1500,Census Tract 15,"Census Tract 15,Onondaga, NY",https://censusreporter.org/profiles/14000US36067001500-census-tract-15-onondaga-ny/,3083,0.2,15595.9,,927,210,717,1102,927,175,3083,1465,120,146,125,109,33,26,11,57,107,120,102,121,115,96,63,10,32,15,21,29,6,1,0,1618,103,221,156,117,75,18,7,47,115,70,72,195,89,99,83,30,24,14,20,33,8,5,17,927,112,100,71,93,65,56,58,42,9,84,93,50,20,34,34,6,3067,1218,515,49,10,97,47,41,32,33,31,87,46,26,16,0,703,62,20,192,52,31,12,44,84,101,69,28,4,4,1849,944,65,0,81,36,6,30,94,196,136,165,79,49,7,905,36,23,61,24,16,58,103,101,166,119,109,63,26,3074,615,0,102,294,74,30,115,2459,211,1768,417,49,14,0,210,5,0,0,7,0,12,9,19,19,31,38,21,6,4,11,9,0,3,6,0,10,0,0,0,0,0,3066,1448,1618,2273,1072,1201,474,230,244,62,14,48,21,14,7,236,118,118,1712,838,43,40,9,57,20,33,55,0,263,22,111,97,41,37,0,10,874,115,47,12,32,40,22,27,14,272,35,91,90,30,24,20,3
1600,Census Tract 16,"Census Tract 16,Onondaga, NY",https://censusreporter.org/profiles/14000US36067001600-census-tract-16-onondaga-ny/,3149,0.2,14575.1,,1766,31,1735,2132,1766,366,3149,1444,22,59,0,9,0,39,10,71,138,160,72,53,119,103,26,15,67,36,35,89,115,34,172,1705,13,0,27,43,43,26,43,125,185,43,153,9,38,88,129,44,39,47,18,23,130,113,326,1766,394,245,184,166,76,67,143,40,104,168,63,59,22,0,9,26,2407,822,385,15,0,35,0,0,9,59,79,52,93,24,8,11,437,8,0,0,18,0,0,78,38,99,72,59,7,58,1585,781,7,24,0,0,0,0,61,219,73,121,68,95,113,804,5,0,9,0,0,43,104,190,63,54,116,38,182,2337,59,0,8,21,25,0,5,2278,271,1361,437,166,32,11,31,0,0,0,0,0,0,0,8,5,0,0,0,0,0,0,0,0,0,0,8,0,0,0,0,10,0,3119,1422,1697,2056,935,1121,763,324,439,230,118,112,25,17,8,45,28,17,2619,1234,15,11,49,33,34,63,30,12,260,102,179,97,215,44,65,25,1385,8,0,16,75,7,32,81,61,408,47,208,119,161,96,66,0
1701,Census Tract 17.01,"Census Tract 17.01,Onondaga, NY",https://censusreporter.org/profiles/14000US36067001701-census-tract-1701-onondaga-ny/,2527,0.3,8020.7,,964,433,531,1202,964,238,2527,1251,188,147,45,66,28,55,0,6,129,68,30,77,30,33,154,10,96,56,6,0,9,9,9,1276,95,109,149,103,16,56,0,54,52,53,97,49,67,64,49,21,49,62,35,0,37,9,50,964,149,37,44,89,40,55,90,70,65,33,41,124,77,31,19,0,2487,1008,412,124,7,56,8,14,0,54,68,30,30,21,0,0,596,48,15,90,70,53,41,59,67,55,52,12,15,19,1479,822,53,0,110,11,0,49,32,129,77,33,239,62,27,657,24,0,36,47,0,9,67,38,91,79,107,82,77,2513,893,0,244,164,139,134,212,1620,250,861,420,35,20,34,433,15,0,0,0,0,0,0,0,36,35,39,54,0,77,85,8,17,10,21,0,11,25,0,0,0,0,2472,1227,1245,2176,1080,1096,266,137,129,21,8,13,9,2,7,0,0,0,1410,716,21,0,22,0,21,9,70,0,200,62,38,76,124,21,41,11,694,29,0,0,0,27,34,0,21,189,20,164,86,76,32,16,0
1702,Census Tract 17.02,"Census Tract 17.02,Onondaga, NY",https://censusreporter.org/profiles/14000US36067001702-census-tract-1702-onondaga-ny/,2343,0.4,6078.1,,1064,621,443,1242,1064,178,2343,1114,134,113,6,0,23,0,6,121,117,139,22,36,80,42,34,27,48,28,23,67,28,13,7,1229,169,8,31,22,18,5,54,60,56,108,32,55,108,139,62,56,24,20,41,27,35,19,80,1064,147,28,33,57,131,109,38,47,60,47,111,178,70,1,0,7,2301,374,211,0,0,0,0,0,0,65,73,14,12,0,47,0,163,46,0,0,0,0,0,0,56,0,44,17,0,0,1927,861,134,0,71,6,0,0,85,183,44,110,109,71,48,1066,123,8,31,0,10,12,137,108,87,203,125,88,134,2343,1474,0,490,340,227,155,262,869,197,454,188,0,13,17,621,13,0,18,0,0,10,0,0,21,20,70,67,56,191,62,31,29,0,9,24,0,0,0,0,0,0,2329,1100,1229,2078,1051,1027,205,31,174,0,0,0,8,0,8,38,18,20,1573,711,0,0,0,0,0,45,47,11,289,44,49,100,79,40,0,7,862,0,0,0,7,0,0,0,12,316,107,104,160,51,69,17,19
1800,Census Tract 18,"Census Tract 18,Onondaga, NY",https://censusreporter.org/profiles/14000US36067001800-census-tract-18-onondaga-ny/,2955,0.3,8531.5,,1354,718,636,1415,1354,61,2955,1462,112,84,87,98,7,0,21,87,53,120,139,80,71,181,115,9,32,35,26,44,11,18,32,1493,60,24,50,76,22,0,78,77,234,63,114,62,110,147,116,37,66,49,11,27,44,0,26,1354,64,117,36,125,152,43,75,94,43,70,156,137,186,23,13,20,2955,456,276,53,20,54,20,0,14,10,18,8,64,6,0,9,180,19,0,0,16,0,23,0,74,0,11,30,7,0,2499,1186,59,0,70,7,32,52,105,155,211,188,150,105,52,1313,41,0,24,34,8,45,177,223,176,246,189,80,70,2955,1680,0,164,766,211,334,205,1275,234,511,343,134,13,40,718,0,0,0,0,0,0,0,0,46,48,128,120,165,138,26,24,8,0,0,15,0,0,0,0,0,0,2955,1462,1493,2501,1167,1334,178,123,55,166,125,41,110,47,63,0,0,0,2072,966,11,0,0,17,18,38,17,13,205,81,178,120,162,51,55,0,1106,33,0,0,0,0,15,45,4,317,74,183,146,210,42,37,0
1900,Census Tract 19,"Census Tract 19,Onondaga, NY",https://censusreporter.org/profiles/14000US36067001900-census-tract-19-onondaga-ny/,3837,0.6,5934.4,,1968,1228,740,2072,1968,104,3837,1752,88,45,38,23,21,14,3,49,116,230,164,58,207,176,168,69,44,42,16,78,23,9,71,2085,126,99,90,34,11,0,7,108,263,187,98,87,181,135,130,62,91,37,60,54,70,48,107,1968,248,158,105,108,51,128,123,103,158,97,177,248,100,64,17,83,3828,602,313,37,0,11,0,0,0,7,94,57,56,51,0,0,289,14,0,11,26,0,0,41,86,31,53,17,2,8,3226,1439,51,12,40,20,0,23,80,252,165,327,230,136,103,1787,112,0,134,9,23,11,85,364,154,263,266,149,217,3797,2434,23,423,866,473,257,392,1363,131,912,191,75,0,54,1228,0,16,0,0,0,7,0,8,32,155,167,142,172,223,188,94,9,0,7,8,0,0,0,0,0,0,3779,1752,2027,3259,1524,1735,447,183,264,20,9,11,36,36,0,17,0,17,3081,1471,2,0,0,2,71,37,0,73,418,69,265,111,356,35,21,11,1610,1,0,8,17,1,47,77,25,411,95,230,149,277,214,33,25
2000,Census Tract 20,"Census Tract 20,Onondaga, NY",https://censusreporter.org/profiles/14000US36067002000-census-tract-20-onondaga-ny/,2017,0.4,5525.6,,914,414,500,1084,914,170,2017,1004,32,27,53,73,7,27,11,45,97,94,115,66,64,127,39,8,38,16,20,22,4,19,0,1013,44,45,90,27,14,5,23,30,107,126,49,62,64,85,75,35,32,26,13,5,15,15,26,914,159,111,64,53,56,33,68,79,22,68,66,80,35,13,3,4,2017,538,253,13,0,12,6,13,33,31,51,31,25,15,23,0,285,0,10,10,0,0,6,31,76,31,69,30,0,22,1479,751,19,0,43,19,10,17,59,140,150,166,70,35,23,728,44,8,57,50,0,21,41,157,80,80,112,44,34,2016,987,0,118,347,188,222,112,1029,113,518,311,73,0,14,414,3,0,0,5,0,8,9,56,88,96,56,56,21,5,0,0,0,0,0,5,0,0,6,0,0,0,1999,991,1008,1737,883,854,222,85,137,23,23,0,13,0,13,4,0,4,1464,729,7,0,0,19,15,17,54,17,249,58,136,58,61,38,0,0,735,17,0,15,18,15,30,2,1,256,51,155,85,50,40,0,0
2101,Census Tract 21.01,"Census Tract 21.01,Onondaga, NY",https://censusreporter.org/profiles/14000US36067002101-census-tract-2101-onondaga-ny/,2771,0.6,4547.2,,984,282,702,1449,984,465,2771,1324,62,89,192,8,12,9,54,73,133,87,99,61,177,76,84,7,41,22,0,13,25,0,0,1447,51,107,210,69,47,16,0,62,78,188,109,81,106,104,41,21,21,0,0,40,23,41,32,984,158,85,94,122,27,34,118,8,31,46,95,68,71,27,0,0,2771,1195,517,54,15,141,32,0,0,40,98,68,25,31,13,0,678,34,19,65,104,0,28,42,136,83,88,38,0,41,1576,807,8,0,0,93,0,8,108,122,92,228,101,22,25,769,17,0,71,58,9,32,83,130,107,122,45,40,55,2753,890,0,197,237,197,42,217,1863,171,1083,484,41,55,29,282,0,8,0,9,33,0,7,27,60,24,35,16,7,22,19,0,0,6,0,9,0,0,0,0,0,0,2771,1324,1447,2226,1089,1137,364,175,189,35,16,19,58,0,58,88,44,44,1710,825,27,14,0,31,0,83,90,24,219,37,131,81,54,26,8,0,885,29,0,26,21,0,54,54,33,255,73,100,110,72,20,22,16
2300,Census Tract 23,"Census Tract 23,Onondaga, NY",https://censusreporter.org/profiles/14000US36067002300-census-tract-23-onondaga-ny/,1666,0.2,8740.2,,835,76,759,1167,835,332,1666,912,54,40,23,10,46,24,0,23,62,132,47,78,62,65,110,21,37,9,10,24,5,19,11,754,80,65,60,55,17,6,0,31,40,36,65,96,25,40,42,18,9,36,10,7,0,0,16,835,229,108,78,20,77,77,18,13,40,53,57,46,7,0,0,12,1624,747,401,34,0,13,23,0,10,55,69,41,54,78,19,5,346,45,4,39,13,6,23,13,37,67,14,52,28,5,877,488,20,0,21,0,0,0,21,125,84,73,90,24,30,389,35,14,50,0,0,26,27,39,94,51,17,25,11,1610,130,0,18,39,60,0,13,1480,111,772,472,95,30,0,76,0,0,0,0,13,0,0,0,11,7,8,19,0,0,0,5,0,0,0,0,0,13,0,0,0,0,1645,902,743,1213,622,591,300,160,140,82,75,7,33,28,5,17,17,0,1132,692,26,4,15,28,18,41,4,27,243,56,55,44,60,20,21,30,440,46,0,16,8,17,19,24,11,89,16,45,30,78,41,0,0
2400,Census Tract 24,"Census Tract 24,Onondaga, NY",https://censusreporter.org/profiles/14000US36067002400-census-tract-24-onondaga-ny/,2081,0.2,11574,,790,157,633,984,790,194,2081,905,85,64,65,68,16,0,11,45,162,38,43,53,40,71,19,40,8,5,21,20,19,12,0,1176,79,163,85,104,15,0,50,86,112,54,87,67,73,30,76,0,14,11,6,30,24,5,5,790,181,81,95,64,88,56,38,17,16,58,72,7,7,4,6,0,2081,1069,394,70,0,66,6,40,23,19,28,62,38,28,14,0,675,57,34,115,55,20,37,74,91,97,38,50,7,0,1012,511,15,5,42,10,4,1,53,172,34,73,39,32,31,501,22,0,34,10,3,44,77,75,57,65,40,40,34,2081,446,11,103,67,138,54,73,1635,208,1114,203,80,0,30,157,11,3,5,0,0,0,10,4,27,14,16,22,20,7,5,0,0,4,5,4,0,0,0,0,0,0,2044,888,1156,1546,696,850,274,113,161,65,8,57,77,14,63,82,57,25,1145,551,51,0,3,11,13,39,67,13,70,28,96,21,114,5,16,4,594,37,11,0,37,52,12,48,35,125,29,107,30,44,17,6,4
2700,Census Tract 27,"Census Tract 27,Onondaga, NY",https://censusreporter.org/profiles/14000US36067002700-census-tract-27-onondaga-ny/,2084,0.2,8927.21,,934,364,570,1057,934,123,2084,1123,59,50,39,47,40,29,17,50,212,122,73,50,29,80,28,43,38,21,9,50,17,6,14,961,11,27,34,17,19,11,0,97,206,52,70,79,26,64,53,15,51,41,16,13,17,31,11,934,88,21,92,49,102,93,39,31,24,72,114,124,59,10,6,10,2084,534,239,20,17,19,6,0,27,56,32,24,5,8,25,0,295,5,0,21,17,0,1,69,95,30,18,22,0,17,1550,884,39,14,0,33,14,6,80,302,99,104,101,55,37,666,6,0,23,0,5,11,58,163,119,72,97,70,42,2079,778,0,84,251,202,65,176,1301,157,688,336,53,67,0,364,6,0,0,0,0,0,0,6,36,57,92,84,11,31,0,14,5,8,9,5,0,0,0,0,0,0,2067,1106,961,1772,970,802,226,110,116,50,17,33,19,9,10,0,0,0,1537,792,8,5,25,0,24,0,6,7,217,56,96,89,179,58,14,8,745,6,0,12,48,11,23,17,19,176,41,61,121,175,32,3,0
2901,Census Tract 29.01,"Census Tract 29.01,Onondaga, NY",https://censusreporter.org/profiles/14000US36067002901-census-tract-2901-onondaga-ny/,2844,0.7,3937.7,,1404,504,900,1475,1404,71,2844,1429,41,139,118,18,59,0,0,75,253,94,148,116,45,34,92,24,77,5,21,21,16,15,18,1415,17,25,10,44,1,6,28,197,338,158,71,59,108,85,43,24,73,17,26,56,12,0,17,1404,73,49,96,56,144,95,59,27,94,146,145,152,110,123,35,0,2814,315,145,0,0,4,4,0,0,27,9,55,0,41,5,0,170,0,0,9,0,0,8,28,0,44,60,21,0,0,2499,1254,41,66,77,76,18,0,107,338,209,79,152,42,49,1245,17,0,16,10,36,0,204,496,86,133,119,99,29,2839,974,0,331,173,174,72,224,1865,177,1416,226,13,9,24,504,0,0,0,0,7,0,0,7,35,62,19,96,127,121,17,5,8,0,0,0,0,0,0,0,0,0,2844,1429,1415,2200,1113,1087,570,282,288,73,33,40,1,1,0,0,0,0,2066,979,0,7,0,0,17,49,4,8,262,62,106,39,297,98,30,0,1087,14,0,0,0,0,8,0,20,156,36,127,207,419,100,0,0
3000,Census Tract 30,"Census Tract 30,Onondaga, NY",https://censusreporter.org/profiles/14000US36067003000-census-tract-30-onondaga-ny/,1999,0.3,6433.7,,790,91,699,926,790,136,1999,1046,80,28,123,53,59,25,6,58,24,129,65,57,135,25,56,16,20,11,13,36,23,4,0,953,127,99,46,34,7,44,11,46,80,54,94,30,54,8,69,37,30,26,23,6,10,3,15,790,236,147,141,41,27,26,35,15,32,34,10,34,7,0,0,5,1999,1142,571,67,0,12,66,26,13,112,56,32,97,58,28,4,571,89,0,76,16,9,20,67,62,88,18,85,34,7,857,475,13,16,35,22,0,14,36,97,90,63,34,32,23,382,38,10,32,11,0,5,41,72,36,44,51,21,21,1801,213,7,80,79,26,0,21,1588,240,922,222,151,0,53,91,0,0,7,0,14,0,6,6,16,11,5,6,0,12,0,0,0,0,0,0,0,0,8,0,0,0,1977,1024,953,1494,764,730,348,166,182,46,38,8,38,21,17,51,35,16,1153,614,36,3,0,22,36,18,18,17,213,43,73,58,63,0,0,14,539,8,0,14,31,29,16,58,41,153,29,72,18,53,9,0,8
3200,Census Tract 32,"Census Tract 32,Onondaga, NY",https://censusreporter.org/profiles/14000US36067003200-census-tract-32-onondaga-ny/,2755,0.5,5673.3,,1204,55,1149,1365,1204,161,2755,1619,54,0,15,0,92,14,58,165,485,248,81,148,104,42,75,0,7,6,9,8,0,0,8,1136,9,21,8,0,114,9,11,189,290,110,43,34,86,78,43,29,6,48,8,0,0,0,0,1204,368,156,46,15,0,27,25,31,18,101,109,54,108,56,41,49,1899,842,382,20,0,0,0,0,0,90,203,22,0,39,0,8,460,0,0,21,8,0,0,137,134,9,77,26,48,0,1057,618,34,0,0,15,0,0,40,316,104,71,15,23,0,439,9,0,0,0,0,0,25,216,62,67,52,8,0,1894,79,0,52,13,0,14,0,1815,242,1182,233,125,33,0,55,19,0,0,0,0,0,0,0,0,0,0,0,0,7,0,0,0,21,0,0,8,0,0,0,0,0,2721,1594,1127,1277,691,586,794,507,287,230,184,46,265,147,118,155,65,90,1996,1221,0,0,6,37,0,62,51,12,226,42,99,29,379,115,120,43,775,0,0,0,18,0,6,63,0,122,0,39,35,209,161,88,34
3400,Census Tract 34,"Census Tract 34,Onondaga, NY",https://censusreporter.org/profiles/14000US36067003400-census-tract-34-onondaga-ny/,1354,0.3,4066.9,,673,75,598,904,673,231,1354,598,49,42,39,13,11,11,14,137,67,59,23,12,20,46,12,0,0,11,32,0,0,0,0,756,56,60,34,0,12,33,19,192,76,43,48,7,34,32,41,17,0,0,9,32,1,10,0,673,271,93,77,29,20,24,34,13,13,40,30,8,12,0,0,9,1354,795,382,24,12,24,13,0,13,139,105,20,1,0,31,0,413,16,11,36,0,0,0,163,51,27,38,47,23,1,559,216,25,0,21,11,0,0,34,21,15,65,12,12,0,343,40,0,43,4,0,0,93,68,28,28,11,18,10,1343,124,7,24,45,0,0,48,1219,184,822,181,23,9,0,75,0,0,0,0,0,0,0,9,0,10,9,11,0,5,14,11,0,6,0,0,0,0,0,0,0,0,1328,585,743,782,282,500,304,160,144,77,47,30,92,49,43,73,47,26,632,282,0,0,0,0,0,29,17,6,58,7,19,4,71,46,7,18,350,3,17,0,27,0,2,22,15,78,16,46,0,57,41,23,3
3500,Census Tract 35,"Census Tract 35,Onondaga, NY",https://censusreporter.org/profiles/14000US36067003500-census-tract-35-onondaga-ny/,2420,0.4,5511.7,,1011,254,757,1252,1011,241,2420,1166,98,130,33,23,21,23,15,183,163,85,77,78,18,85,20,28,20,33,11,0,0,12,10,1254,166,99,38,66,10,57,40,114,81,77,56,93,79,35,53,51,45,33,31,9,0,0,21,1011,293,173,96,53,49,82,37,0,8,12,95,48,0,8,40,17,2389,1358,681,41,20,104,25,0,7,167,154,74,50,27,0,12,677,125,0,62,10,18,32,128,72,109,54,40,27,0,1031,467,57,0,0,0,0,15,72,94,81,53,41,44,10,564,41,27,10,15,16,0,93,86,40,60,109,46,21,2342,589,88,129,154,145,43,30,1753,328,987,418,15,5,0,254,12,0,0,9,9,0,13,0,7,27,0,31,11,6,17,15,56,22,9,10,0,0,0,0,0,0,2314,1135,1179,1636,729,907,348,165,183,120,120,0,96,29,67,114,92,22,1304,640,26,0,13,33,26,7,0,13,122,81,56,22,116,60,39,26,664,6,5,0,0,0,17,118,29,73,35,141,67,96,28,23,26
3601,Census Tract 36.01,"Census Tract 36.01,Onondaga, NY",https://censusreporter.org/profiles/14000US36067003601-census-tract-3601-onondaga-ny/,2420,0.4,5660.7,,869,361,508,994,869,125,2420,1149,54,70,90,41,11,22,35,27,178,71,110,61,98,68,46,16,38,5,6,69,9,0,24,1271,134,56,68,85,21,22,35,75,106,147,60,39,90,44,44,45,62,30,11,55,17,0,25,869,159,30,68,147,20,60,38,26,33,53,79,70,22,28,30,6,2420,847,347,12,0,67,17,7,7,31,71,52,48,21,14,0,500,113,11,42,0,7,0,121,110,19,45,6,9,17,1573,802,42,4,59,13,11,16,64,178,119,118,79,66,33,771,21,0,14,57,9,69,32,143,80,89,145,87,25,2364,1051,26,118,243,380,89,195,1313,98,571,498,32,0,114,361,4,0,0,0,0,0,4,21,20,13,68,71,40,55,21,24,0,0,0,17,3,0,0,0,0,0,2373,1136,1237,1954,904,1050,363,196,167,44,29,15,12,7,5,0,0,0,1574,799,4,0,0,18,27,29,76,26,236,37,123,53,43,110,5,12,775,4,3,6,12,51,21,63,40,184,55,102,87,77,70,0,0
3602,Census Tract 36.02,"Census Tract 36.02,Onondaga, NY",https://censusreporter.org/profiles/14000US36067003602-census-tract-3602-onondaga-ny/,2243,0.6,3532.7,,928,391,537,1028,928,100,2243,1146,81,83,67,11,76,1,27,85,106,92,26,107,106,113,58,11,14,16,17,22,16,5,6,1097,22,73,74,38,17,5,41,42,137,70,35,90,127,31,82,29,54,69,14,18,13,9,7,928,65,93,26,72,94,59,85,72,44,80,58,76,83,12,4,5,2209,475,253,0,0,75,25,0,0,75,0,41,14,15,0,8,222,0,5,16,0,22,13,5,20,41,42,25,33,0,1734,882,81,14,35,0,5,4,106,198,92,205,68,55,19,852,22,13,101,10,0,3,79,187,84,116,140,68,29,2206,1008,0,180,273,154,124,277,1198,178,821,173,26,0,0,391,0,0,4,0,0,0,0,0,25,78,98,75,32,35,18,4,6,0,0,14,0,0,2,0,0,0,2207,1132,1075,1716,805,911,329,227,102,52,28,24,79,53,26,31,19,12,1500,715,24,0,18,21,24,8,10,12,186,69,169,39,60,70,0,5,785,2,4,18,5,19,11,7,1,266,76,108,75,113,69,0,11
3800,Census Tract 38,"Census Tract 38,Onondaga, NY",https://censusreporter.org/profiles/14000US36067003800-census-tract-38-onondaga-ny/,2247,0.3,7534.9,,892,329,563,1002,892,110,2247,957,132,109,90,35,4,7,13,32,82,73,30,15,97,57,58,8,37,13,17,35,6,0,7,1290,124,86,74,78,14,20,50,17,129,115,102,28,32,119,68,16,35,14,46,58,28,12,25,892,112,133,82,87,99,30,80,64,51,27,64,24,29,0,3,7,2241,834,274,69,6,50,26,0,10,10,38,16,22,12,9,6,560,74,36,23,0,20,29,82,78,45,86,53,28,6,1407,677,63,19,41,55,5,17,45,117,29,132,91,56,7,730,50,13,57,31,23,6,19,166,85,65,66,90,59,2225,810,0,165,90,274,144,137,1415,138,855,272,106,44,0,329,14,0,6,0,6,9,28,31,59,53,51,32,9,7,0,0,0,0,0,12,0,3,0,4,5,0,2205,921,1284,1727,755,972,395,141,254,28,16,12,55,9,46,0,0,0,1362,535,10,0,35,2,9,73,19,9,230,41,34,29,44,0,0,0,827,13,6,13,16,8,63,23,11,302,59,127,92,56,34,4,0
3900,Census Tract 39,"Census Tract 39,Onondaga, NY",https://censusreporter.org/profiles/14000US36067003900-census-tract-39-onondaga-ny/,3006,0.4,8442.1,,1144,404,740,1622,1144,478,3006,1503,137,155,151,48,48,0,0,149,75,127,30,80,38,93,76,79,71,42,23,56,0,15,10,1503,73,165,127,44,30,11,24,9,136,153,87,47,76,190,121,7,78,11,56,10,35,0,13,1144,324,224,79,46,110,41,37,26,31,88,62,28,22,26,0,0,2981,1548,681,104,5,197,23,0,26,53,55,36,89,48,45,0,867,67,8,117,66,0,25,22,218,92,125,78,18,31,1433,797,33,0,16,65,4,18,144,147,74,42,178,61,15,636,6,0,84,17,0,19,52,71,42,141,128,59,17,2900,1111,0,33,420,314,48,296,1789,204,1047,484,36,0,18,404,25,0,0,21,15,21,13,33,38,82,60,14,0,7,0,0,0,0,11,0,20,44,0,0,0,0,3000,1503,1497,2506,1281,1225,369,163,206,35,29,6,16,16,0,74,14,60,1835,815,40,0,13,28,32,96,81,26,239,12,156,16,56,20,0,0,1020,38,7,0,6,46,7,83,81,262,53,320,75,21,21,0,0
4000,Census Tract 40,"Census Tract 40,Onondaga, NY",https://censusreporter.org/profiles/14000US36067004000-census-tract-40-onondaga-ny/,1580,0.2,8157.7,,531,122,409,740,531,209,1580,674,73,102,64,33,9,31,5,0,51,59,36,8,14,92,38,9,20,0,12,11,4,0,3,906,138,79,28,51,34,8,3,44,61,50,80,82,21,34,37,8,51,6,33,14,34,7,3,531,157,73,37,41,36,16,35,11,10,36,44,14,3,0,6,12,1568,770,340,57,6,69,31,16,17,32,47,22,21,13,9,0,430,100,0,0,16,17,10,56,83,79,21,22,17,9,798,322,11,14,12,27,0,0,13,63,22,85,54,14,7,476,38,0,91,0,14,10,33,28,83,34,74,36,35,1554,363,0,34,106,78,83,62,1191,0,667,341,171,12,0,122,0,0,0,9,7,4,4,29,36,4,8,21,0,0,0,0,0,0,0,0,0,0,0,0,0,0,1547,663,884,1189,546,643,253,72,181,96,36,60,4,4,0,5,5,0,878,357,39,0,14,14,0,5,73,13,105,60,6,0,28,0,0,0,521,4,17,0,14,18,13,68,32,179,41,89,23,18,5,0,0
4200,Census Tract 42,"Census Tract 42,Onondaga, NY",https://censusreporter.org/profiles/14000US36067004200-census-tract-42-onondaga-ny/,1984,0.3,5793.1,,849,21,828,914,849,65,1984,901,108,191,78,52,14,28,26,31,37,8,35,19,43,87,71,18,9,14,25,0,7,0,0,1083,91,158,50,18,16,36,3,43,162,59,74,43,77,44,60,36,30,5,6,13,25,20,14,849,362,150,84,100,49,15,15,13,16,17,9,19,0,0,0,0,1984,1260,568,53,34,112,42,23,0,63,8,29,103,81,13,7,692,78,25,72,24,5,8,95,100,63,95,94,14,19,724,333,55,17,45,19,18,11,36,37,25,27,17,26,0,391,13,8,72,7,5,0,3,121,54,26,32,10,40,1858,36,0,11,0,25,0,0,1822,56,830,744,148,14,30,21,0,0,0,0,0,0,0,4,0,0,0,4,0,5,0,4,0,0,0,0,4,0,0,0,0,0,1966,886,1080,1590,680,910,317,177,140,36,17,19,23,12,11,0,0,0,1041,373,21,7,0,4,42,0,8,70,135,16,20,40,10,0,0,0,668,37,16,3,30,38,31,40,40,198,35,128,49,17,6,0,0
4301,Census Tract 43.01,"Census Tract 43.01,Onondaga, NY",https://censusreporter.org/profiles/14000US36067004301-census-tract-4301-onondaga-ny/,1647,0.1,11880.1,,555,13,542,616,555,61,1647,673,56,22,28,0,272,18,0,21,5,5,5,23,17,50,37,11,28,13,21,11,14,3,13,974,36,16,16,14,386,62,65,56,64,59,34,0,22,21,22,5,45,33,3,0,10,0,5,555,358,62,51,20,25,8,0,4,0,9,5,9,4,0,0,0,843,642,248,39,17,5,28,0,0,17,5,28,36,59,8,6,394,36,0,16,16,0,0,75,88,34,40,49,30,10,201,96,17,0,0,0,0,0,4,5,0,29,14,22,5,105,0,0,0,0,0,0,33,35,0,3,23,6,5,843,13,0,8,5,0,0,0,830,64,465,291,10,0,0,13,8,0,0,0,0,0,0,5,0,0,0,0,0,0,0,0,0,0,0,0,0,0,0,0,0,0,1640,666,974,748,319,429,127,34,93,256,100,156,401,168,233,108,45,63,579,256,0,0,3,16,0,25,41,0,69,0,20,36,17,25,0,4,323,16,13,4,44,0,11,27,4,103,24,17,17,39,4,0,0
4302,Census Tract 43.02,"Census Tract 43.02,Onondaga, NY",https://censusreporter.org/profiles/14000US36067004302-census-tract-4302-onondaga-ny/,6559,0.5,14214.9,,546,15,531,747,546,201,6559,2984,0,6,6,9,1919,334,204,167,43,29,20,19,23,25,66,5,27,17,3,23,32,7,0,3575,0,0,13,40,2201,626,234,98,46,22,23,12,19,43,33,10,21,20,16,13,28,32,25,546,286,131,32,23,6,18,0,0,17,5,12,11,0,0,0,5,1038,840,363,0,0,0,0,0,9,184,33,22,36,70,9,0,477,0,0,0,0,0,0,274,51,30,49,54,15,4,198,125,0,6,0,6,0,0,31,12,14,9,21,12,14,73,0,0,0,0,0,7,9,13,5,5,0,24,10,981,15,0,2,13,0,0,0,966,189,516,212,33,16,0,15,0,0,0,0,0,0,0,0,0,0,0,0,0,0,0,0,0,0,0,0,0,15,0,0,0,0,6559,2984,3575,1484,604,880,2006,847,1159,963,564,399,1732,759,973,374,210,164,702,339,6,0,3,10,0,16,3,4,68,11,83,40,76,13,0,6,363,14,0,13,9,3,42,5,4,105,31,34,21,45,32,0,5
4400,Census Tract 44,"Census Tract 44,Onondaga, NY",https://censusreporter.org/profiles/14000US36067004400-census-tract-44-onondaga-ny/,2050,0.3,6683.2,,644,170,474,783,644,139,2050,1150,12,32,4,0,12,173,425,199,110,12,0,5,26,23,7,22,9,7,20,11,25,16,0,900,23,8,20,11,33,236,247,84,44,13,0,22,11,13,12,5,18,19,37,10,14,20,0,644,210,79,9,28,35,19,13,62,17,5,0,45,31,21,25,45,2017,1381,836,0,0,10,0,0,0,739,75,0,7,0,0,5,545,0,0,0,0,0,0,509,31,0,0,0,0,5,636,299,12,8,17,1,0,0,55,47,5,42,38,38,36,337,23,0,8,20,0,11,73,26,22,24,35,66,29,2017,478,0,52,176,35,46,169,1539,323,1216,0,0,0,0,170,12,0,0,0,0,0,0,0,7,0,0,0,0,10,15,19,16,20,25,22,15,9,0,0,0,0,2050,1150,900,1027,502,525,694,486,208,132,80,52,164,58,106,33,24,9,531,293,5,0,0,0,7,0,0,0,7,0,11,16,118,22,34,73,238,0,7,0,0,0,0,0,0,18,0,5,11,80,76,20,21
4500,Census Tract 45,"Census Tract 45,Onondaga, NY",https://censusreporter.org/profiles/14000US36067004500-census-tract-45-onondaga-ny/,4216,0.4,10593.5,,1656,802,854,1781,1656,125,4216,2060,68,52,32,56,164,93,107,209,478,134,93,64,97,155,50,77,13,31,25,28,8,9,17,2156,48,53,54,37,27,172,177,308,438,129,75,42,16,118,130,26,22,72,61,71,33,13,34,1656,149,83,159,107,66,64,107,63,32,127,185,204,78,59,90,83,4153,1398,654,0,0,0,0,0,0,466,92,0,59,19,8,10,744,0,0,0,0,0,0,535,151,22,19,8,0,9,2755,1373,68,0,46,9,46,8,105,520,157,193,121,76,24,1382,48,9,38,32,14,22,148,416,95,115,170,204,71,4202,1757,94,499,539,256,116,253,2445,753,1523,142,27,0,0,802,9,6,0,0,0,0,0,10,13,16,25,31,52,236,131,154,46,37,28,0,0,0,8,0,0,0,4195,2048,2147,2699,1319,1380,844,379,465,305,193,112,107,54,53,240,103,137,2559,1279,10,0,1,10,0,0,16,21,154,96,103,38,488,197,50,95,1280,0,0,8,0,0,0,0,0,95,54,131,66,448,372,6,100
4600,Census Tract 46,"Census Tract 46,Onondaga, NY",https://censusreporter.org/profiles/14000US36067004600-census-tract-46-onondaga-ny/,5226,1.5,3502.3,,1945,1576,369,2194,1945,249,5226,2366,144,143,171,43,120,52,54,44,84,141,195,114,90,99,64,85,186,68,137,41,146,49,96,2860,127,122,45,25,275,121,21,42,113,97,254,208,79,173,178,119,178,60,121,195,69,102,136,1945,126,83,53,76,61,71,131,62,24,77,105,285,239,208,110,234,4519,454,170,20,0,39,52,0,0,3,3,3,0,0,0,50,284,43,0,0,0,0,0,62,60,20,15,38,13,33,4065,1915,124,74,80,61,0,0,81,222,306,189,335,246,197,2150,84,0,135,20,0,20,73,150,442,237,437,353,199,4490,3610,87,818,1243,474,616,372,880,25,479,352,24,0,0,1576,42,0,0,0,0,7,0,0,0,0,0,115,33,191,148,332,205,224,65,159,40,0,15,0,0,0,5128,2335,2793,4313,2029,2284,538,183,355,153,66,87,113,46,67,11,11,0,3677,1595,12,12,0,9,4,38,33,37,155,63,155,77,308,339,158,195,2082,0,0,9,0,0,19,0,0,355,148,371,176,333,452,117,102
4800,Census Tract 48,"Census Tract 48,Onondaga, NY",https://censusreporter.org/profiles/14000US36067004800-census-tract-48-onondaga-ny/,1636,0.5,3513.2,,680,577,103,723,680,43,1636,825,54,0,27,59,0,40,0,103,16,62,108,20,51,37,32,27,42,18,61,27,11,4,26,811,60,8,92,7,15,0,0,5,11,65,55,11,36,72,78,8,58,34,52,37,30,8,69,680,30,9,25,29,13,21,21,16,9,96,84,187,75,24,23,18,1628,130,65,0,0,22,0,0,0,20,0,18,5,0,0,0,65,0,0,5,21,0,0,2,5,1,6,0,8,17,1498,760,54,0,0,5,25,34,123,78,110,83,101,106,41,738,60,0,5,61,7,0,18,71,65,102,144,115,90,1626,1262,6,191,585,109,182,189,364,0,316,43,0,0,5,577,0,7,0,0,0,0,0,5,0,17,50,44,88,110,38,40,53,70,5,28,6,11,5,0,0,0,1595,798,797,1537,777,760,33,16,17,5,0,5,10,0,10,10,5,5,1166,542,0,0,0,0,0,0,29,0,101,28,42,17,215,46,43,21,624,5,13,0,7,10,0,11,19,131,19,65,82,154,97,6,5
4900,Census Tract 49,"Census Tract 49,Onondaga, NY",https://censusreporter.org/profiles/14000US36067004900-census-tract-49-onondaga-ny/,1334,0.3,4337.5,,530,285,245,653,530,123,1334,667,59,23,93,0,20,28,19,8,94,41,21,46,56,33,24,20,5,12,34,11,8,6,6,667,36,64,69,22,0,0,0,10,67,66,30,48,25,36,33,17,5,16,24,26,25,38,10,530,57,43,31,34,56,46,35,34,6,37,52,27,27,20,12,13,1322,467,177,23,0,44,16,0,0,55,6,22,5,0,0,6,290,31,13,55,27,0,10,0,57,28,19,15,6,29,855,478,36,0,24,26,0,0,14,129,45,84,49,57,14,377,5,7,16,15,0,12,10,76,50,42,40,60,44,1319,571,0,117,187,25,99,143,748,33,367,231,60,10,47,285,5,0,0,0,0,0,0,22,5,41,23,12,5,56,50,32,6,21,0,0,0,7,0,0,0,0,1315,656,659,1250,613,637,53,36,17,7,7,0,5,0,5,0,0,0,883,417,1,0,0,8,0,0,0,4,165,16,60,58,71,15,12,7,466,9,0,7,0,7,0,48,10,125,34,51,16,103,40,16,0
5000,Census Tract 50,"Census Tract 50,Onondaga, NY",https://censusreporter.org/profiles/14000US36067005000-census-tract-50-onondaga-ny/,2598,0.4,5854.9,,1032,733,299,1153,1032,121,2598,1384,82,91,141,36,18,0,0,149,145,103,79,69,22,88,102,21,61,35,42,43,8,29,20,1214,85,92,98,0,0,8,8,49,87,113,87,75,61,144,54,54,73,18,37,45,26,0,0,1032,12,10,62,7,17,29,14,65,44,135,108,190,83,122,32,102,2598,304,156,20,0,39,30,8,0,18,33,0,0,1,0,7,148,24,10,9,21,0,0,13,18,28,5,12,8,0,2294,1228,62,32,74,57,17,11,149,215,148,110,183,120,50,1066,61,40,59,51,0,0,52,182,134,200,169,92,26,2591,1829,102,338,502,315,459,113,762,7,565,165,8,0,17,733,0,0,0,0,0,0,0,0,11,15,25,111,43,127,124,105,89,58,0,0,15,10,0,0,0,0,2579,1376,1203,2235,1152,1083,274,163,111,43,34,9,27,27,0,0,0,0,1741,867,0,0,0,17,14,14,21,0,124,31,127,54,251,90,67,57,874,1,0,0,0,2,0,27,8,152,13,53,132,166,274,36,10
5100,Census Tract 51,"Census Tract 51,Onondaga, NY",https://censusreporter.org/profiles/14000US36067005100-census-tract-51-onondaga-ny/,2143,0.3,6900.9,,783,339,444,1112,783,329,2143,811,61,106,76,27,7,0,17,7,23,36,84,127,41,14,73,23,16,25,11,0,11,0,26,1332,174,109,92,43,46,21,0,49,94,112,71,77,71,93,62,20,59,17,25,28,30,17,22,783,128,60,107,72,67,48,40,40,59,21,40,75,21,0,5,0,2143,747,268,38,14,49,25,5,22,3,7,67,17,21,0,0,479,73,0,103,32,0,13,30,110,43,19,30,17,9,1396,543,23,6,60,28,0,0,28,52,144,38,91,36,37,853,101,0,60,6,18,12,86,96,105,145,111,53,60,2143,914,0,137,214,153,245,165,1229,90,857,166,78,19,19,339,11,0,6,21,0,6,6,59,49,30,48,55,0,12,6,0,0,18,0,0,5,7,0,0,0,0,2108,811,1297,1725,689,1036,316,97,219,12,6,6,55,19,36,0,0,0,1308,510,5,14,6,0,36,8,36,40,189,33,69,10,42,14,8,0,798,14,21,15,14,12,49,81,35,210,61,79,101,97,9,0,0
5200,Census Tract 52,"Census Tract 52,Onondaga, NY",https://censusreporter.org/profiles/14000US36067005200-census-tract-52-onondaga-ny/,2008,0.3,7503.2,,659,188,471,899,659,240,2008,971,79,98,96,43,33,15,31,37,63,35,49,69,40,99,64,8,35,0,20,4,18,18,17,1037,79,84,40,104,18,36,0,65,96,54,84,71,70,67,46,13,11,23,11,19,10,23,13,659,109,97,62,85,79,10,20,33,25,34,17,44,11,4,8,21,2008,812,447,42,13,85,25,8,23,61,35,49,60,46,0,0,365,39,0,33,4,20,19,44,75,31,89,6,5,0,1196,524,37,5,46,20,0,12,55,63,69,79,61,24,53,672,40,24,42,21,5,60,75,75,124,48,64,48,46,1958,582,0,45,279,97,16,145,1376,79,839,331,79,4,44,188,6,0,6,8,16,13,0,29,0,55,9,22,0,10,0,4,7,3,0,0,0,0,0,0,0,0,1996,966,1030,1574,749,825,336,137,199,42,36,6,44,44,0,0,0,0,1150,539,11,16,0,5,10,24,19,32,211,46,127,15,17,6,0,0,611,0,0,0,16,50,60,65,30,201,29,78,26,6,50,0,0
5300,Census Tract 53,"Census Tract 53,Onondaga, NY",https://censusreporter.org/profiles/14000US36067005300-census-tract-53-onondaga-ny/,2076,0.3,7729.5,,576,150,426,732,576,156,2076,1032,139,161,106,45,25,22,46,51,4,39,61,22,27,71,57,12,30,9,39,30,5,0,31,1044,95,101,149,43,33,22,18,10,81,64,49,45,32,65,28,13,24,0,23,35,26,36,52,576,113,78,62,44,35,49,36,4,14,45,42,34,0,15,0,5,1914,1092,596,116,21,144,59,9,12,70,26,49,43,31,16,0,496,90,30,104,38,17,0,42,93,41,27,7,0,7,822,401,23,12,18,13,24,0,74,17,34,55,63,57,11,421,5,9,63,6,3,23,41,52,53,65,47,43,11,1852,357,0,7,108,93,51,98,1495,76,701,676,28,0,14,150,5,0,0,0,0,10,0,21,30,16,10,0,4,0,0,12,0,14,0,9,8,11,0,0,0,0,2040,1016,1024,1794,873,921,215,138,77,25,5,20,6,0,6,0,0,0,1010,437,44,8,14,22,0,19,32,20,108,26,87,36,21,0,0,0,573,19,8,13,0,35,30,14,21,203,23,97,72,19,19,0,0
5400,Census Tract 54,"Census Tract 54,Onondaga, NY",https://censusreporter.org/profiles/14000US36067005400-census-tract-54-onondaga-ny/,2762,0.3,9567.1,,878,232,646,1180,878,302,2762,1324,100,107,135,151,42,55,25,95,97,33,94,60,40,116,67,6,18,20,18,8,32,5,0,1438,155,69,67,90,41,37,7,46,188,66,68,124,134,90,116,4,5,5,53,34,23,0,16,878,106,140,124,57,46,38,57,58,26,50,72,55,32,0,17,0,2706,1233,532,63,0,71,47,12,51,79,28,69,62,33,0,17,701,114,15,27,35,41,25,73,123,92,91,49,16,0,1473,751,37,14,61,21,16,70,134,97,85,92,58,46,20,722,41,17,12,16,17,6,58,131,100,133,76,76,39,2738,676,9,0,196,288,88,95,2062,69,1321,593,73,6,0,232,0,5,0,0,0,25,5,54,24,22,44,5,0,5,0,0,0,0,19,19,5,0,0,0,0,0,2713,1312,1401,2050,977,1073,632,329,303,7,5,2,19,1,18,5,0,5,1540,614,29,4,23,14,13,57,121,27,170,21,89,15,19,12,0,0,926,11,5,0,11,23,77,137,53,269,62,145,36,88,9,0,0
5500,Census Tract 55,"Census Tract 55,Onondaga, NY",https://censusreporter.org/profiles/14000US36067005500-census-tract-55-onondaga-ny/,3408,1.1,3234.9,,1786,444,1342,1986,1786,200,3408,1697,144,114,17,83,20,0,37,182,451,123,45,82,69,98,74,53,23,0,34,31,17,0,0,1711,129,115,67,27,15,51,5,278,269,181,61,79,60,103,130,28,27,16,19,8,21,15,7,1786,368,126,150,88,183,129,93,105,92,133,68,185,52,14,0,0,3408,1148,540,53,68,0,8,25,0,79,243,5,43,16,0,0,608,15,0,89,0,0,10,277,89,30,25,56,8,9,2260,1157,91,8,39,8,58,0,160,331,122,124,134,65,17,1103,114,0,69,24,0,17,72,361,110,138,129,35,34,3403,896,37,54,615,104,32,54,2507,192,2013,254,48,0,0,444,0,0,0,0,0,0,0,0,25,52,121,39,108,40,22,37,0,0,0,0,0,0,0,0,0,0,3360,1671,1689,2482,1299,1183,486,206,280,125,33,92,113,41,72,154,92,62,2124,1100,4,1,0,0,0,9,33,19,267,68,89,93,311,76,46,84,1024,0,0,0,7,0,0,35,31,208,46,175,19,254,206,14,29
5601,Census Tract 56.01,"Census Tract 56.01,Onondaga, NY",https://censusreporter.org/profiles/14000US36067005601-census-tract-5601-onondaga-ny/,1434,0.6,2252.2,,675,563,112,755,675,80,1434,683,44,44,14,44,9,10,0,61,40,60,56,18,38,63,59,8,28,6,4,50,20,7,0,751,56,25,19,26,3,0,6,22,60,61,61,32,69,64,59,20,25,19,27,42,10,23,22,675,56,12,25,8,6,7,26,8,39,40,119,116,106,49,36,22,1434,147,64,17,0,0,5,0,0,22,10,1,0,2,2,5,83,0,0,0,0,5,0,13,32,5,7,7,0,14,1287,619,27,16,33,4,16,28,58,90,73,101,93,58,22,668,56,0,25,19,0,21,18,89,88,126,97,88,41,1426,1158,0,308,505,221,23,101,268,35,97,136,0,0,0,563,20,8,0,0,0,0,0,0,0,5,4,21,44,104,153,119,52,6,6,0,8,9,4,0,0,0,1420,678,742,1321,626,695,57,33,24,8,0,8,23,12,11,11,7,4,1051,457,2,5,6,0,5,0,0,3,57,25,49,13,105,95,20,72,594,7,0,0,0,19,0,0,0,45,6,90,39,136,160,19,73
5602,Census Tract 56.02,"Census Tract 56.02,Onondaga, NY",https://censusreporter.org/profiles/14000US36067005602-census-tract-5602-onondaga-ny/,3633,0.4,10302.1,,90,17,73,120,90,30,3633,1322,0,0,0,3,770,192,144,119,20,17,11,29,0,5,7,0,5,0,0,0,0,0,0,2311,0,0,0,31,1307,474,348,116,11,4,0,0,0,4,13,0,0,0,0,0,0,0,3,90,29,33,0,0,0,7,0,3,0,0,4,7,0,0,3,4,366,309,63,0,0,0,0,0,0,34,0,29,0,0,0,0,246,0,0,0,0,0,0,246,0,0,0,0,0,0,57,21,0,0,0,0,0,0,0,4,0,5,12,0,0,36,0,0,0,0,0,0,18,4,0,4,7,0,3,366,39,0,15,15,9,0,0,327,68,259,0,0,0,0,17,0,0,0,0,0,0,0,0,0,0,0,0,0,0,13,0,0,4,0,0,0,0,0,0,0,0,3633,1322,2311,871,313,558,1423,478,945,535,226,309,667,209,458,137,96,41,129,94,0,0,0,0,0,0,0,0,29,5,7,4,34,0,11,4,35,0,0,0,0,0,3,0,0,0,0,0,5,8,16,0,3
5700,Census Tract 57,"Census Tract 57,Onondaga, NY",https://censusreporter.org/profiles/14000US36067005700-census-tract-57-onondaga-ny/,1928,0.5,3680.9,,759,528,231,867,759,108,1928,861,126,52,86,35,0,0,33,69,14,25,45,34,58,44,100,37,23,26,6,6,17,18,7,1067,56,75,73,26,24,10,29,68,119,54,47,64,53,101,84,30,27,32,17,25,18,5,30,759,60,32,37,61,39,21,37,64,33,127,72,78,49,14,21,14,1905,269,61,5,0,0,14,9,0,11,0,0,21,0,0,1,208,10,7,35,19,0,0,24,38,50,7,18,0,0,1636,777,114,15,65,28,0,26,91,39,79,81,160,38,41,859,46,19,54,14,14,12,107,135,61,147,123,74,53,1910,1265,0,39,416,316,356,138,645,41,288,206,104,0,6,528,5,0,8,0,24,6,0,25,116,91,66,29,14,34,42,52,0,0,0,0,12,4,0,0,0,0,1919,852,1067,1689,718,971,187,109,78,5,5,0,10,1,9,28,19,9,1166,460,0,0,3,10,0,5,4,14,159,64,59,65,48,22,7,0,706,4,0,0,11,16,24,5,10,211,22,154,85,92,68,0,4
5800,Census Tract 58,"Census Tract 58,Onondaga, NY",https://censusreporter.org/profiles/14000US36067005800-census-tract-58-onondaga-ny/,2427,0.3,7303.4,,797,273,524,1005,797,208,2427,1135,105,81,79,68,45,33,20,98,60,76,81,59,62,56,75,27,19,20,27,32,6,6,0,1292,130,101,107,89,24,40,23,48,102,83,28,106,84,83,75,3,64,0,47,22,13,11,9,797,144,82,82,64,56,96,36,39,28,51,33,28,30,3,25,0,2387,1066,529,88,23,47,0,4,26,94,68,68,53,33,25,0,537,76,15,73,23,8,31,53,110,35,65,24,13,11,1321,579,6,0,29,45,28,10,102,68,72,65,88,54,12,742,41,10,15,72,0,50,82,75,99,102,118,56,22,2427,650,0,23,118,195,232,82,1777,170,902,539,39,57,70,273,0,0,5,18,10,28,7,44,58,17,11,36,4,16,3,0,0,5,1,5,0,5,0,0,0,0,2394,1114,1280,1786,827,959,480,236,244,82,22,60,46,29,17,0,0,0,1336,606,24,1,21,0,11,3,29,31,282,10,113,35,31,15,0,0,730,24,13,0,10,18,47,54,20,287,42,106,76,11,15,7,0
5900,Census Tract 59,"Census Tract 59,Onondaga, NY",https://censusreporter.org/profiles/14000US36067005900-census-tract-59-onondaga-ny/,1657,0.2,8677.7,,551,268,283,746,551,195,1657,738,43,97,66,51,20,0,0,31,89,58,49,18,65,11,17,45,15,3,0,40,0,9,11,919,62,75,98,20,9,29,30,35,44,100,50,65,63,33,64,28,0,9,21,48,18,7,11,551,135,19,69,38,51,27,67,54,26,12,23,12,11,4,0,3,1643,761,350,34,11,105,12,0,0,0,78,35,33,41,1,0,411,42,24,25,72,0,0,45,58,68,55,3,19,0,882,382,9,0,11,20,21,30,51,68,31,43,36,42,20,500,20,0,26,26,10,10,58,86,44,40,89,56,35,1642,879,0,15,380,177,113,194,763,62,433,174,33,39,22,268,4,0,7,4,11,9,23,53,41,67,16,5,0,0,0,6,5,0,0,9,8,0,0,0,0,0,1623,738,885,1386,633,753,134,71,63,72,34,38,10,0,10,21,0,21,991,430,11,11,3,4,4,4,45,12,174,36,84,16,9,17,0,0,561,7,0,5,19,43,32,46,4,213,0,77,59,56,0,0,0
6000,Census Tract 60,"Census Tract 60,Onondaga, NY",https://censusreporter.org/profiles/14000US36067006000-census-tract-60-onondaga-ny/,4014,1.4,2817.9,,1578,955,623,1643,1578,65,4014,1705,151,49,70,98,9,0,66,56,223,139,59,23,145,120,149,22,99,45,23,72,8,38,41,2309,218,108,162,57,74,32,45,118,71,209,137,139,130,145,203,67,120,52,46,33,71,55,17,1578,201,67,100,173,53,149,19,33,29,146,182,164,98,94,62,8,4014,814,241,26,0,32,7,0,8,9,27,40,57,27,0,8,573,73,24,66,59,0,26,87,77,50,22,41,0,48,3200,1464,125,0,40,40,17,73,122,335,42,208,243,140,79,1736,145,10,30,81,12,19,182,203,226,253,349,131,95,4006,2503,0,272,1092,366,584,189,1503,57,726,562,75,71,12,955,10,0,10,0,8,3,7,65,134,102,157,203,89,57,23,23,0,0,0,30,0,26,0,0,0,8,3913,1663,2250,3447,1489,1958,403,162,241,40,12,28,23,0,23,0,0,0,2701,1206,2,14,21,41,10,88,27,29,364,106,83,159,138,124,0,0,1495,24,21,0,0,19,20,65,0,509,188,218,194,156,58,23,0
6101,Census Tract 61.01,"Census Tract 61.01,Onondaga, NY",https://censusreporter.org/profiles/14000US36067006101-census-tract-6101-onondaga-ny/,3861,0.5,7329.1,,1550,470,1080,1779,1550,229,3861,1586,195,106,138,56,28,0,0,12,76,146,100,81,58,107,57,31,82,48,57,65,55,39,49,2275,119,62,153,59,42,56,10,22,147,87,52,53,140,223,109,52,118,101,90,76,38,176,290,1550,297,288,134,121,140,68,45,49,55,156,88,44,24,12,20,9,3250,1320,560,159,0,52,33,26,30,0,37,69,71,31,34,18,760,60,28,84,31,7,5,88,112,40,173,54,12,66,1930,850,36,0,120,30,0,0,40,185,112,94,129,87,17,1080,59,0,32,40,0,47,42,122,65,190,194,165,124,3251,1089,0,118,356,249,205,161,2162,222,1037,833,70,0,0,470,30,4,0,0,9,22,34,40,39,72,132,8,34,13,0,6,0,0,0,0,0,0,20,0,0,7,3769,1540,2229,2917,1181,1736,781,330,451,27,7,20,44,22,22,0,0,0,2803,1051,44,25,17,0,41,31,12,56,504,113,62,64,59,13,10,0,1752,7,27,10,62,120,89,86,44,645,95,198,148,127,60,7,27
6102,Census Tract 61.02,"Census Tract 61.02,Onondaga, NY",https://censusreporter.org/profiles/14000US36067006102-census-tract-6102-onondaga-ny/,1798,0.7,2679,,1363,33,1330,1442,1363,79,1798,957,25,34,36,10,5,0,35,67,66,93,29,49,34,17,139,43,11,53,21,38,61,39,52,841,4,32,2,9,10,0,0,77,114,64,8,8,40,33,42,33,9,8,30,124,67,40,87,1363,199,256,245,139,39,64,55,11,66,103,49,89,19,0,0,29,1798,477,232,0,0,9,36,0,0,78,36,0,0,60,0,13,245,0,0,25,0,0,9,44,53,8,0,33,40,33,1321,725,25,0,25,0,0,10,29,123,78,51,133,112,139,596,4,5,4,0,0,0,43,125,8,73,51,122,161,1798,62,0,24,23,0,15,0,1736,86,1128,407,58,48,9,33,0,0,0,0,0,0,0,0,0,0,0,0,0,6,0,4,0,0,17,0,0,0,0,0,0,6,1794,953,841,1459,746,713,184,78,106,59,49,10,50,50,0,42,30,12,1452,745,0,8,0,24,0,44,37,22,141,41,101,47,103,110,8,59,707,0,13,0,0,32,39,17,26,184,45,51,73,116,94,0,17
6103,Census Tract 61.03,"Census Tract 61.03,Onondaga, NY",https://censusreporter.org/profiles/14000US36067006103-census-tract-6103-onondaga-ny/,2629,0.8,3489.6,,1049,844,205,1181,1049,132,2629,1235,127,75,60,26,19,7,13,60,167,51,61,118,33,62,49,74,103,40,32,7,25,26,0,1394,66,131,63,0,26,11,0,32,89,88,64,53,98,149,69,80,79,33,73,53,49,15,73,1049,41,25,39,36,37,42,44,53,21,109,279,86,147,23,58,9,2629,274,125,50,0,20,20,0,0,27,3,0,0,5,0,0,149,31,0,19,0,0,0,11,48,2,2,12,9,15,2355,1110,77,14,41,40,16,10,72,215,179,95,221,79,51,1245,35,0,132,43,0,0,58,129,115,245,216,150,122,2603,2075,61,159,803,586,163,303,528,0,364,155,0,9,0,844,0,17,0,0,0,0,10,26,30,39,97,73,151,198,102,54,18,10,0,8,0,0,11,0,0,0,2596,1202,1394,2479,1131,1348,68,33,35,11,0,11,38,38,0,0,0,0,1913,848,8,0,0,11,47,0,0,20,229,46,117,148,144,57,14,7,1065,0,0,0,0,25,0,9,0,320,137,117,129,201,127,0,0
10800,Census Tract 108,"Census Tract 108,Onondaga, NY",https://censusreporter.org/profiles/14000US36067010800-census-tract-10800-onondaga-ny/,4938,1.1,4501,,2139,1318,821,2167,2139,28,4938,2386,175,184,111,136,47,29,19,17,257,226,151,94,54,90,297,75,110,24,25,86,68,41,70,2552,250,65,99,0,81,1,22,17,157,360,228,69,32,162,283,113,99,85,56,83,99,85,106,2139,96,121,200,138,104,141,153,137,114,164,297,224,132,56,16,46,4885,578,287,0,0,41,26,0,72,0,39,12,15,67,0,15,291,58,0,0,0,0,0,1,104,15,0,41,31,41,4307,2073,175,18,130,54,47,17,112,444,233,129,415,135,164,2234,191,0,113,25,0,0,120,413,282,194,454,193,249,4933,3222,54,305,1184,656,505,518,1711,74,1049,487,71,30,0,1318,13,0,12,0,0,0,13,0,0,66,105,97,272,331,283,49,19,16,42,0,0,0,0,0,0,0,4871,2366,2505,4412,2115,2297,414,207,207,1,0,1,18,18,0,26,26,0,3685,1668,0,0,0,9,0,109,56,0,688,92,86,189,300,139,0,0,2017,11,0,0,0,0,48,23,28,653,274,202,339,292,146,1,0
12500,Census Tract 125,"Census Tract 125,Onondaga, NY",https://censusreporter.org/profiles/14000US36067012500-census-tract-12500-onondaga-ny/,3891,0.8,5010.3,,1561,1086,475,1662,1561,101,3891,1820,63,130,151,84,10,39,16,138,91,136,165,116,97,116,134,44,29,23,83,53,48,36,18,2071,111,68,108,93,68,22,62,64,212,131,137,146,108,122,110,63,92,71,43,84,70,39,47,1561,44,47,54,95,43,71,73,47,137,308,136,196,114,115,50,31,3863,262,109,0,0,24,0,0,0,33,13,0,0,29,0,10,153,0,0,11,0,0,0,54,31,0,0,23,17,17,3601,1683,63,40,107,82,20,64,170,214,281,213,178,159,92,1918,111,15,59,91,27,66,162,312,283,230,242,181,139,3886,2830,61,277,1074,519,478,421,1056,66,656,266,68,0,0,1086,0,15,0,0,0,0,0,0,7,0,22,157,72,365,301,89,26,0,0,0,12,7,13,0,0,0,3846,1811,2035,3374,1611,1763,339,154,185,53,15,38,15,8,7,65,23,42,2664,1189,0,0,0,0,0,0,15,0,453,105,158,146,134,130,43,5,1475,8,0,0,0,9,22,9,9,405,84,146,371,169,195,48,0
12700,Census Tract 127,"Census Tract 127,Onondaga, NY",https://censusreporter.org/profiles/14000US36067012700-census-tract-12700-onondaga-ny/,1914,3.5,546.6,,901,681,220,944,901,43,1914,927,32,46,55,55,6,0,15,3,87,90,34,28,55,91,91,40,49,13,24,44,12,33,24,987,33,16,67,42,7,0,6,44,43,73,40,39,66,98,103,34,29,19,44,47,13,59,65,901,29,23,27,15,52,96,40,49,43,142,128,129,59,37,27,5,1900,165,60,0,0,0,0,19,0,3,22,2,9,5,0,0,105,0,0,13,18,0,5,0,18,12,12,9,12,6,1735,853,32,8,36,43,9,27,21,155,60,137,175,81,69,882,33,0,38,14,0,37,57,98,67,152,157,98,131,1905,1507,12,290,737,231,106,131,398,16,110,228,44,0,0,681,7,0,0,0,0,0,0,0,4,0,17,64,45,197,130,112,14,67,18,6,0,0,0,0,0,0,1885,918,967,1712,834,878,130,67,63,24,11,13,0,0,0,19,6,13,1487,715,0,0,0,6,0,5,0,0,235,84,103,52,177,37,10,6,772,0,8,2,6,11,0,19,19,205,78,116,146,66,83,9,4
12800,Census Tract 128,"Census Tract 128, Onondaga, NY",https://censusreporter.org/profiles/14000US36067012800-census-tract-12800-onondaga-ny/,2947,5,584.7,,1204,991,213,1279,1204,75,2947,1432,50,49,74,79,24,9,18,63,44,96,95,63,106,129,131,25,98,38,75,88,47,24,7,1515,59,42,82,28,75,11,7,48,91,48,77,117,91,103,178,9,115,30,61,125,41,33,44,1204,14,29,51,69,112,36,87,21,59,144,143,185,110,76,51,17,2914,75,40,0,0,0,0,0,22,7,2,0,0,9,0,0,35,0,0,0,0,0,0,0,7,0,10,7,0,11,2839,1366,50,6,64,27,9,48,107,138,158,235,245,201,78,1473,52,0,78,46,0,28,141,132,194,184,295,216,107,2939,2525,44,283,732,640,259,567,414,20,247,106,41,0,0,991,34,15,0,0,0,7,0,17,7,42,40,40,39,197,223,212,25,54,6,17,0,9,0,0,0,7,2908,1424,1484,2615,1290,1325,191,91,100,81,36,45,21,7,14,0,0,0,2229,1066,0,0,0,24,8,17,14,16,410,122,66,111,241,20,17,0,1163,0,0,0,7,9,9,8,41,503,104,71,177,69,147,9,9
12900,Census Tract 129,"Census Tract 129, Onondaga, NY",https://censusreporter.org/profiles/14000US36067012900-census-tract-12900-onondaga-ny/,2641,0.7,3573.8,,1141,472,669,1274,1141,133,2641,1332,111,108,50,64,13,37,0,11,206,147,68,43,120,137,83,23,22,26,2,23,19,6,13,1309,129,69,10,126,33,0,18,19,147,71,80,116,33,77,80,17,27,31,30,34,16,6,140,1141,56,105,94,104,100,65,78,75,56,111,115,104,37,20,21,0,2641,534,236,26,12,0,9,13,13,10,53,10,65,24,1,0,298,20,0,18,0,47,48,0,31,19,30,47,23,15,2107,1096,85,26,98,13,0,38,51,300,101,192,104,50,38,1011,109,2,59,0,24,7,70,187,177,80,77,72,147,2636,1225,24,271,458,273,111,88,1411,177,715,461,20,17,21,472,10,8,0,0,0,0,7,12,0,65,54,95,28,123,25,31,0,7,0,0,7,0,0,0,0,0,2597,1332,1265,2361,1169,1192,163,129,34,52,24,28,21,10,11,0,0,0,1843,938,0,0,0,15,10,14,52,28,342,81,124,102,134,20,3,13,905,4,0,0,0,33,30,28,10,276,37,137,177,98,57,3,15
13000,Census Tract 130,"Census Tract 130, Onondaga, NY",https://censusreporter.org/profiles/14000US36067013000-census-tract-13000-onondaga-ny/,3814,0.9,4170.4,,1812,1080,732,1987,1812,175,3814,1907,93,63,108,71,20,44,19,151,123,97,144,70,79,131,195,55,123,36,41,65,110,55,14,1907,68,34,123,43,48,55,14,57,138,96,119,115,59,158,198,86,65,41,15,112,101,63,99,1812,165,43,128,131,58,198,44,98,76,180,216,244,106,57,16,52,3814,424,272,34,0,39,9,0,0,52,65,9,9,22,24,9,152,0,0,0,0,0,0,43,19,40,19,8,8,15,3390,1635,59,8,55,60,8,63,182,155,205,201,351,118,170,1755,68,18,60,79,0,43,131,215,194,198,341,160,248,3805,2330,34,365,622,516,269,524,1475,187,917,256,90,0,25,1080,17,8,0,0,0,0,0,0,23,39,58,160,52,275,168,118,40,34,16,8,17,42,5,0,0,0,3786,1879,1907,3406,1687,1719,314,159,155,34,17,17,32,16,16,0,0,0,2803,1338,0,0,0,34,19,22,16,69,526,58,109,89,228,159,9,0,1465,10,0,14,0,16,6,57,15,592,95,104,180,264,96,16,0
13100,Census Tract 131,"Census Tract 131,Onondaga, NY",https://censusreporter.org/profiles/14000US36067013100-census-tract-13100-onondaga-ny/,4662,1.4,3254.7,,1836,1739,97,1860,1836,24,4662,2123,103,74,141,103,14,14,46,133,129,183,101,93,150,81,155,90,144,58,77,80,68,25,61,2539,216,99,110,115,30,29,30,71,135,160,174,112,188,164,119,124,88,94,99,76,92,108,106,1836,28,23,98,100,76,58,45,101,43,199,177,287,199,179,155,68,4653,315,119,39,0,6,0,0,0,14,1,34,2,20,3,0,196,61,6,0,14,9,0,14,53,16,0,6,0,17,4338,2004,64,9,129,71,33,70,193,311,160,229,369,212,154,2334,146,25,100,64,40,66,146,242,270,352,325,269,289,4653,4351,156,490,1803,806,302,794,302,0,224,78,0,0,0,1739,20,12,0,0,0,0,0,0,0,0,13,51,88,405,381,413,137,160,16,17,0,11,8,7,0,0,4608,2106,2502,4388,2028,2360,193,76,117,17,2,15,0,0,0,10,0,10,3334,1495,16,0,0,1,8,0,25,1,301,113,284,143,323,197,45,38,1839,0,0,0,0,0,0,12,22,355,115,247,298,443,306,32,9
13200,Census Tract 132,"Census Tract 132,Onondaga, NY",https://censusreporter.org/profiles/14000US36067013200-census-tract-13200-onondaga-ny/,2809,1.1,2566.5,,1031,974,57,1167,1031,136,2809,1307,72,64,104,40,37,8,19,11,46,69,81,53,36,100,86,53,88,29,15,88,35,31,142,1502,89,53,81,46,44,12,11,21,39,104,84,46,81,101,122,63,38,42,63,52,12,90,208,1031,35,32,33,76,54,20,22,72,63,59,86,177,114,67,51,70,2517,114,16,0,0,0,0,0,0,0,0,7,0,9,0,0,98,26,0,0,0,0,1,0,26,0,6,9,7,23,2403,1172,72,7,90,71,10,30,75,115,127,136,218,112,109,1231,63,11,85,38,25,20,88,117,130,176,207,101,170,2502,2407,0,288,1169,302,331,317,95,0,7,67,21,0,0,974,0,0,0,0,9,0,0,34,0,0,28,49,71,158,303,154,82,55,23,0,0,8,0,0,0,0,2760,1274,1486,2555,1169,1386,183,100,83,22,5,17,0,0,0,0,0,0,2097,952,0,0,11,0,7,0,27,13,255,44,142,23,230,138,39,23,1145,0,9,11,22,24,29,7,17,206,61,86,220,200,209,25,19
13600,Census Tract 136,"Census Tract 136,Onondaga, NY",https://censusreporter.org/profiles/14000US36067013600-census-tract-13600-onondaga-ny/,2971,0.7,4193.8,,1427,668,759,1599,1427,172,2971,1433,69,66,129,79,111,9,0,27,115,46,107,123,119,82,107,37,43,9,13,41,40,53,8,1538,46,55,73,82,11,29,31,28,82,137,115,83,129,102,95,21,57,58,70,135,38,29,32,1427,77,35,73,59,110,10,97,90,116,216,205,181,85,42,17,14,2971,119,40,0,0,0,0,0,0,0,0,0,31,9,0,0,79,0,0,0,0,0,0,49,18,0,10,1,0,1,2852,1393,69,49,86,60,28,51,147,161,230,170,178,63,101,1459,46,0,111,17,55,27,50,201,198,221,172,263,98,2965,1516,0,342,347,200,249,378,1449,113,665,579,67,8,17,668,14,6,0,0,0,0,0,0,0,0,25,95,49,276,82,92,0,9,0,11,9,0,0,0,0,0,2971,1433,1538,2534,1162,1372,409,251,158,28,20,8,0,0,0,0,0,0,2126,943,2,0,0,14,0,39,0,7,305,88,58,95,217,101,17,0,1183,1,0,7,19,8,7,7,28,361,48,263,88,212,116,9,9
13701,Census Tract 137.01,"Census Tract 137.01, Onondaga, NY",https://censusreporter.org/profiles/14000US36067013701-census-tract-13701-onondaga-ny/,4929,2.7,1801.7,,2190,1561,629,2320,2190,130,4929,2360,200,165,124,102,85,0,23,44,59,65,157,226,215,132,141,72,89,81,31,78,35,152,84,2569,30,180,166,48,14,22,51,62,223,117,218,161,201,120,118,34,107,54,78,86,113,80,286,2190,261,112,59,181,54,145,195,143,161,213,151,276,88,118,33,0,4875,776,319,16,0,60,61,26,41,9,10,45,37,14,0,0,457,0,0,109,0,0,0,1,103,59,45,1,19,120,4099,2017,184,45,95,28,0,35,143,114,338,310,280,190,255,2082,30,28,128,67,0,48,148,237,320,276,258,199,343,4884,3789,0,860,1308,397,403,821,1095,29,819,233,0,0,14,1561,0,0,0,0,0,0,38,0,32,97,170,274,216,428,145,90,0,16,0,0,17,38,0,0,0,0,4892,2338,2554,4591,2133,2458,147,115,32,62,34,28,30,16,14,62,40,22,3613,1617,0,19,0,0,0,47,85,51,709,91,145,234,173,32,18,13,1996,60,19,0,111,47,55,73,35,672,76,208,327,170,109,0,34
13900,Census Tract 139,"Census Tract 139,Onondaga, NY",https://censusreporter.org/profiles/14000US36067013900-census-tract-13900-onondaga-ny/,2929,1.8,1622,,1143,755,388,1203,1143,60,2929,1295,14,91,101,104,10,23,56,49,67,84,85,95,155,93,82,21,15,22,18,43,67,0,0,1634,52,58,252,85,53,10,30,16,93,153,95,147,123,110,81,33,28,27,47,74,32,8,27,1143,32,83,24,95,89,39,81,64,92,82,208,101,97,34,0,22,2911,333,137,7,0,33,0,0,15,16,13,0,7,46,0,0,196,0,8,0,32,0,44,16,7,45,21,0,13,10,2578,1148,7,0,116,33,40,49,122,138,180,241,72,83,67,1430,44,14,186,70,15,26,93,239,197,212,142,135,57,2929,1931,26,465,778,284,169,209,998,75,519,337,45,22,0,755,8,0,0,11,0,0,0,6,0,138,115,193,139,62,23,23,17,0,0,0,0,0,20,0,0,0,2920,1295,1625,2660,1184,1476,192,81,111,48,17,31,7,0,7,13,13,0,1925,847,15,0,0,12,0,10,21,29,397,35,157,85,75,11,0,0,1078,23,0,0,13,13,7,11,11,543,51,176,95,76,54,5,0
14200,Census Tract 142,"Census Tract 142,Onondaga, NY",https://censusreporter.org/profiles/14000US36067014200-census-tract-14200-onondaga-ny/,3523,1.1,3348.7,,1623,1248,375,1811,1623,188,3523,1657,145,127,37,26,24,34,0,94,57,132,119,102,139,126,107,51,87,34,31,96,31,38,20,1866,89,86,100,30,50,12,16,62,71,202,54,87,183,127,157,66,59,70,70,75,31,34,135,1623,132,128,52,74,62,97,48,60,72,108,404,200,129,22,35,0,3504,524,178,36,0,34,0,0,0,41,16,9,18,16,8,0,346,30,0,85,9,6,0,20,91,13,39,19,7,27,2980,1479,109,0,101,29,2,24,111,173,212,247,229,153,89,1501,45,0,60,27,3,21,120,182,128,271,263,208,173,3518,2872,23,320,1173,529,371,456,646,132,340,115,59,0,0,1248,18,0,0,0,0,0,0,0,18,57,158,331,256,225,85,45,25,0,11,0,16,3,0,0,0,0,3479,1629,1850,3083,1426,1657,282,141,141,98,46,52,16,16,0,0,0,0,2591,1170,16,0,22,5,23,0,43,11,482,40,204,97,199,28,0,0,1421,11,0,0,8,0,22,34,44,439,88,271,220,204,74,6,0
14300,Census Tract 143,"Census Tract 143, Onondaga, NY",https://censusreporter.org/profiles/14000US36067014300-census-tract-14300-onondaga-ny/,3021,1.6,1838,,1331,656,675,1462,1331,131,3021,1382,70,81,121,34,48,45,0,84,109,71,55,116,30,90,114,111,87,52,0,9,8,28,19,1639,76,167,100,52,0,98,57,32,132,107,104,125,47,166,125,18,27,33,47,10,40,33,43,1331,112,176,92,39,84,147,99,28,34,101,135,99,127,23,24,11,2993,560,243,10,0,17,14,11,12,100,17,24,15,0,13,10,317,22,0,0,13,14,0,56,29,60,17,58,37,11,2433,1139,60,10,97,64,11,0,77,163,147,105,312,48,45,1294,26,39,145,70,14,24,131,210,169,196,112,53,105,3016,1745,0,178,893,284,196,194,1271,33,973,206,8,26,25,656,0,0,0,10,0,10,0,20,53,41,57,99,125,112,65,37,11,7,9,0,0,0,0,0,0,0,2965,1364,1601,2542,1167,1375,369,170,199,45,27,18,9,0,9,0,0,0,1956,899,20,0,0,18,11,23,14,21,304,44,108,91,195,42,0,8,1057,36,10,0,17,0,11,21,0,394,126,201,86,120,35,0,0
14400,Census Tract 144,"Census Tract 144,Onondaga, NY",https://censusreporter.org/profiles/14000US36067014400-census-tract-14400-onondaga-ny/,2565,6.6,387.4,,1017,769,248,1117,1017,100,2565,1282,38,51,103,50,1,2,37,48,107,89,36,102,198,118,96,10,17,73,12,0,51,8,35,1283,41,81,89,23,3,20,27,29,83,76,30,58,167,118,85,55,44,62,32,39,52,25,44,1017,84,5,56,69,83,109,20,40,100,99,111,122,106,5,0,8,2565,297,145,0,0,0,0,0,12,9,12,39,61,0,0,12,152,0,0,33,38,0,0,0,8,28,9,24,0,12,2268,1137,38,0,109,45,13,25,79,184,99,255,123,85,82,1131,41,0,94,5,12,11,79,151,60,276,160,133,109,2526,1934,18,282,886,388,103,257,592,0,296,249,16,31,0,769,43,18,0,10,0,0,0,0,26,68,99,169,141,100,19,10,11,0,0,2,11,0,11,31,0,0,2536,1272,1264,2299,1164,1135,165,55,110,19,19,0,53,34,19,0,0,0,1922,952,67,0,0,7,0,11,11,19,333,33,172,103,87,72,37,0,970,31,12,23,39,46,17,22,27,263,80,40,183,90,89,8,0
14500,Census Tract 145,"Census Tract 145,Onondaga, NY",https://censusreporter.org/profiles/14000US36067014500-census-tract-14500-onondaga-ny/,3721,6.6,563.5,,1760,1242,518,1883,1760,123,3721,1742,52,31,89,51,19,49,26,58,122,86,62,114,137,265,158,40,49,7,82,41,52,83,69,1979,37,113,145,59,43,16,12,66,75,63,130,93,220,236,113,30,106,34,72,86,105,78,47,1760,96,28,81,61,82,108,85,165,112,131,281,194,149,65,109,13,3721,224,57,0,0,0,4,0,0,0,0,6,16,19,0,12,167,0,0,4,8,30,0,9,0,11,14,10,29,52,3497,1685,52,0,66,50,26,25,152,208,170,386,228,130,192,1812,37,26,99,121,0,29,128,138,212,442,239,163,178,3709,2781,30,408,923,538,368,514,928,28,492,301,41,21,45,1242,16,10,0,0,0,10,0,0,48,71,88,65,119,327,251,132,10,36,36,13,0,0,0,0,0,10,3711,1742,1969,3401,1581,1820,221,93,128,76,60,16,8,8,0,5,0,5,2855,1367,10,7,0,11,11,9,9,24,411,94,238,200,249,46,29,19,1488,10,20,0,4,31,17,0,54,517,71,167,152,286,146,7,6
14600,Census Tract 146,"Census Tract 146,Onondaga, NY",https://censusreporter.org/profiles/14000US36067014600-census-tract-14600-onondaga-ny/,4967,3.6,1377.1,,1696,1062,634,1837,1696,141,4967,2470,134,132,164,57,316,147,52,85,142,214,136,66,57,223,226,0,9,59,28,55,82,46,40,2497,139,43,120,83,403,119,50,94,100,216,85,73,136,172,177,71,66,28,37,53,120,49,63,1696,149,47,51,47,42,45,22,56,99,190,317,232,169,33,104,93,3992,438,211,0,8,22,6,18,0,30,30,17,16,41,0,23,227,50,0,0,15,0,7,3,32,33,17,19,0,51,3554,1811,134,34,158,68,6,33,128,320,185,264,194,142,145,1743,89,21,51,76,23,48,156,269,125,291,295,118,181,3974,2554,59,530,741,462,387,375,1420,86,677,610,47,0,0,1062,0,9,0,0,0,0,0,0,0,0,0,26,62,252,184,251,123,60,37,14,0,11,6,0,0,27,4917,2428,2489,3802,1845,1957,491,219,272,275,141,134,301,175,126,48,48,0,2829,1383,26,0,0,0,0,48,23,66,197,97,122,147,337,132,86,102,1446,0,16,0,34,0,11,9,27,128,88,184,270,254,278,121,26
14700,Census Tract 147,"Census Tract 147,Onondaga, NY",https://censusreporter.org/profiles/14000US36067014700-census-tract-14700-onondaga-ny/,6030,4.7,1296,,2339,1823,516,2522,2339,183,6030,2905,267,189,142,225,75,14,0,70,100,77,217,115,205,156,375,33,115,90,53,58,87,87,155,3125,108,193,194,164,74,67,36,105,12,125,209,89,210,348,257,66,95,72,34,126,156,182,203,2339,70,80,58,52,67,52,93,25,59,74,314,305,180,313,268,329,5974,240,119,25,0,25,0,0,15,0,20,25,9,0,0,0,121,0,0,9,0,17,0,33,27,0,10,0,0,25,5734,2747,242,22,209,60,78,132,159,157,307,352,523,193,313,2987,108,54,229,95,83,64,249,110,298,548,418,232,499,5959,4950,118,951,2291,835,516,239,1009,250,590,84,72,13,0,1823,0,0,0,13,0,0,12,0,26,12,0,12,12,32,188,247,262,264,174,397,105,51,16,0,0,0,6016,2891,3125,5045,2422,2623,345,180,165,139,95,44,444,179,265,43,15,28,4107,1923,0,14,0,19,12,8,0,26,212,14,67,235,504,225,272,315,2184,15,0,0,72,0,0,0,0,263,80,158,84,730,516,173,93
16100,Census Tract 161,"Census Tract 161, Onondaga, NY",https://censusreporter.org/profiles/14000US36067016100-census-tract-16100-onondaga-ny/,2553,5.9,434.8,,813,613,200,854,813,41,2553,1243,121,93,66,63,82,26,11,59,41,45,84,84,90,74,96,35,34,11,5,46,33,15,29,1310,54,111,67,48,108,24,1,53,32,67,88,77,109,75,89,27,20,15,32,48,42,36,87,813,30,26,66,33,7,11,37,23,0,27,73,137,86,93,68,96,2178,96,41,0,0,0,0,4,0,19,9,0,1,0,4,4,55,8,0,0,0,0,0,21,7,1,0,6,12,0,2082,1061,121,25,111,23,16,43,61,77,164,163,161,49,47,1021,46,21,133,24,25,23,49,92,164,180,130,69,65,2173,1714,9,327,749,285,129,215,459,83,338,32,6,0,0,613,0,11,0,0,0,4,0,9,0,10,13,30,61,58,71,56,23,107,56,92,12,0,0,0,0,0,2538,1236,1302,2052,1013,1039,221,88,133,65,22,43,110,52,58,90,61,29,1566,722,10,0,0,9,0,15,18,4,154,7,60,66,197,89,53,40,844,1,0,4,24,1,9,15,5,213,50,84,79,125,147,45,42
16200,Census Tract 162,"Census Tract 162, Onondaga, NY",https://censusreporter.org/profiles/14000US36067016200-census-tract-16200-onondaga-ny/,2256,1.5,1506.7,,863,791,72,917,863,54,2256,1114,82,56,66,44,33,26,13,64,51,102,56,56,103,89,86,29,38,10,43,15,6,31,15,1142,71,86,43,43,30,21,26,37,40,88,51,91,55,92,119,25,48,9,20,36,25,47,39,863,47,47,28,21,35,74,46,105,38,73,98,125,48,16,21,41,2232,326,138,6,6,32,6,0,7,0,0,19,31,25,6,0,188,40,0,42,0,7,0,10,22,16,10,18,0,23,1906,959,59,10,32,36,0,37,136,153,93,161,128,62,52,947,24,11,49,27,10,26,104,106,126,137,174,65,88,2256,2033,65,244,839,239,335,311,223,3,121,64,11,0,24,791,8,0,0,0,0,0,0,5,79,73,115,237,113,79,30,22,14,5,11,0,0,0,0,0,0,0,2248,1114,1134,2135,1050,1085,105,64,41,3,0,3,5,0,5,0,0,0,1515,730,7,10,0,15,0,26,29,20,207,123,102,70,79,32,0,10,785,7,0,0,4,4,12,32,15,238,65,104,171,54,67,12,0
16300,Census Tract 163,"Census Tract 163,Onondaga, NY",https://censusreporter.org/profiles/14000US36067016300-census-tract-16300-onondaga-ny/,7677,7.7,998,,2635,2055,580,2815,2635,180,7677,3449,242,124,227,76,179,58,58,167,201,87,139,282,366,171,328,48,263,15,62,119,54,47,136,4228,121,257,255,221,299,94,34,162,133,202,143,273,287,318,284,176,115,67,125,147,139,83,293,2635,99,32,32,100,146,89,125,130,89,107,255,272,298,346,344,171,6539,299,98,17,0,18,0,19,0,12,0,0,17,15,0,0,201,0,0,34,0,0,0,33,0,17,32,26,42,17,6240,2887,225,13,195,125,29,16,208,274,411,457,573,166,195,3353,118,105,220,153,32,182,197,335,399,553,539,247,273,6499,5497,0,1006,2180,1094,682,535,1002,40,773,92,12,85,0,2055,0,0,0,0,0,17,0,0,0,17,17,31,49,76,256,207,214,643,203,232,64,29,0,0,0,0,7648,3434,4214,6281,2797,3484,710,240,470,453,304,149,183,80,103,21,13,8,5103,2318,0,0,0,28,0,18,11,17,477,122,191,129,849,381,47,48,2785,10,0,42,21,66,62,10,48,577,169,246,508,532,417,61,16
16400,Census Tract 164,"Census Tract 164,Onondaga, NY",https://censusreporter.org/profiles/14000US36067016400-census-tract-16400-onondaga-ny/,4064,4.9,830.7,,1744,1073,671,1895,1744,151,4064,2076,71,122,189,123,68,22,32,71,53,145,62,173,141,217,147,44,68,15,35,50,57,91,80,1988,43,71,158,109,23,22,16,33,43,155,138,110,243,99,160,63,65,32,77,120,97,65,46,1744,50,81,119,68,65,58,119,46,52,148,266,195,154,131,117,75,4064,211,105,0,0,11,0,0,0,41,15,0,0,14,0,24,106,0,0,0,0,0,9,0,13,11,18,21,0,34,3853,1971,71,21,169,110,49,74,152,183,235,358,245,100,204,1882,43,0,120,109,52,48,94,185,237,324,267,229,174,4055,2816,13,201,931,939,281,451,1239,172,669,335,16,39,8,1073,0,0,0,16,0,0,0,0,0,16,50,22,89,193,154,140,123,86,97,55,13,9,0,10,0,0,4044,2065,1979,3669,1834,1835,228,122,106,82,50,32,65,59,6,0,0,0,2891,1378,10,0,0,22,0,19,36,21,296,150,184,177,243,142,54,24,1513,28,0,0,7,29,15,0,35,306,72,186,183,287,290,57,18
